Title,Summary,Country,Country_name,Year,Hazard,Source
Stafford Disaster Relief and Emergency Assistance Act,"The Homeland Security Act is the key piece of legislation that regulates the USA's response to disaster. It was adopted in 1988 and has been regularly amended since then.  The document notably 1) sets out the governmental approach to disaster preparedness and assistance, 2) lists the major disaster assistance programs and related procedures, and 3) lists the emergency assistance programs and related procedures.",USA,United States,1988,"['drought', 'flood', 'other', 'storm', 'wildfire']",CCLW
National Policy on the Environment,"This document aims to ensure a sustainable use of natural resources in the country. It notably seeks to enable a sustainable, low carbon development and protect the country from natural disasters.",NGA,Nigeria,1989,"['erosion', 'flood', 'other', 'storm', 'temperature_extremes']",CCLW
National Disaster Council Act,"The National Disaster Council Act establishes a National Disaster Council to deal with natural disasters.  The functions of the Council are: 1) to provide and render advice to the Minister on all matters relating to disaster; 2) to approve and coordinate all activities necessary in regard to preparedness, response and recovery; 3) to assume full and complete controle in operations connected with disaster; 4) to provide and render financial assistance to Committees.",SLB,Solomon Islands,1989,"['drought', 'flood', 'other']",CCLW
Forest and Nature Conservation Act 1995,"The Forest and Nature Conservation Act establishes measures to protect and ensure a sustainable use of forests, wildlife and related resources. Activities threatening forests, such as fires and felling, are prohibited unless duly authorised.",BTN,Bhutan,1995,['other'],CCLW
Environmental Management and Coordination (Amendment) Act (EMCA),"This law provides for environmental protection in Kenya. Article 49 promotes the use of renewable energy and the planting of trees. Article 57 grants the relevant ministry the possibility to allow fiscal incentives under the form of tax rebates for private entities ""that invest in plants, equipment and machinery for pollution control, re-cycling of wastes, water harvesting and conservation, prevention of floods and for using other energy resources as substitutes for hydrocarbons"". Article 50 sets the legal framework to ensure the conservation of biological diversity, and charges the relevant agency to ""measure the value of unexploited natural resources in terms of watershed protection, influences on climate, cultural and aesthetic value, as well as actual and potential genetic value thereof."" The document also contains a number of dispositions to protect forests. The 2015 law amends section 56.A and charges the cabinet secretary to prescribe measures on climate change.",KEN,Kenya,1999,['flood'],CCLW
National Action Plan for Climate Change Mitigation,"The National Action Plan for Climate Change Mitigation was approved and adopted by the Governmental Decree No.259. The Action Plan identifies the major policy directions and priorities to reduce GHG emission and adapt to climate change under national policy. This policy functions as the basis for implementation by all levels of governments and sectors. 
 
The Action Plan starts with an analysis of trends and scenarios of climate change and anthropogenic GHG emissions. The gases subject to analysis are: carbon dioxide, methane, nitrous oxide and perfluorocarbons. Impacts on water resources are regarded as the key concern in the face of climate change, due to glacier retreat, increase in evaporation and decrease in river flow due to temperature rise. Change in regional hydrological cycles is expected to have destructive impact on the scale and impact of natural disasters. Change in water quality is considered a significant threat to ecosystems, biodiversity and economy (e.g. irrigation). Vector-born and other dangerous diseases (including malaria), agricultural pests and diseases strong winds and sandstorms, heavy rainfalls, floods and mudflows, high temperature, extreme temperature variation and hot winds derived from climate change are expected to damage agriculture and public health. 
 
To mitigate such climate change impacts, the proposed approaches are to reduce GHG emissions and to adapt to climate change. The measures to reduce GHGs (as a fulfilment of UNFCCC obligations) include: enhancement of energy efficiency in relevant sectors of the national economy; application of effective technologies and use of energy sources in the national economy (that promotes high economy growth rate and reduce or limit GHG emissions); protection and enhancement of natural sinks and reservoirs of GHGs; promotion of sustainable forest management practices, afforestation and reforestation; promotion of sustainable agriculture; development and research on renewable (and new) energies and environmentally sounds technologies for use; and encouragement of appropriate reforms in relevant sectors aimed at promoting policies and measures that reduce GHG emissions. 
 
Principles and direction of adaptation include: research on climate change and its impact on national resources, economy public health and development of additional adaptation measures; improvement of the systematic observation network and environmental monitoring to renew adaptation measures; improvement of systems to collect, analyze, interpret and disseminate data among end users; enhancement of weather forecasting, climate modelling and early warning systems to minimize the risk of natural disasters; capacity building to strengthen institutional, technical and human resources to promote adaptation in the fields of climate change and hydrological research, geographical information systems, environmental impact assessment, protection and re-cultivation of lands rational use of water resources, conservation of ecosystems, sustainable agriculture, infrastructure development and health protection; and implementation of actual projects on adaptation on priority areas related to rational use of natural resources, economy and health protection.",TJK,Tajikistan,2003,"['drought', 'flood', 'melting', 'temperature_extremes']",CCLW
National climate change adaptation policy,"The Ministry of Sustainable Development, Energy, Science and Technology adopted in 2015 the National Climate Change Adaptation Policy. It is a revised version of the 2003 Policy and Adaptation Plan. The aim of the document is to foster a national process to address the short, medium and long term effects of climate change in a coordinated manner to ensure the greatest possible quality of life to Saint Lucians.   The Policy institutes a framework to guide the legislative and policy work on sustainable development of governmental and non-governmental entities involved in Saint Lucia. It acknowledges the potentially profound impacts of climate change on the country, and the need to establish adaptation actions in the development processes of key sectors. The Climate Adaptation Financing Facility from the Saint Lucia Development Bank is defined as a prominent financing tool for such efforts. Concrete adaptation actions to enhance the island's resilience include building stronger buildings, roads and bridges. A specific  Action Plan for the tourism sector  was published in 2015. The government shall also support capacity and awareness building activities to enable mitigation pathways, and provide the necessary mechanisms and economic instruments for adaptation.",LCA,Saint Lucia,2003,"['flood', 'other', 'sea_level_rise', 'storm']",CCLW
Plan to Control Illegal Deforestation and Recovery of Native Vegetation (PPCDAm and PPCerrado),"PPCDAm aims to continuously and consistently reduce deforestation and create the conditions to establish a sustainable development model in the Legal Amazon. The first Plan was developed in 2004, however the 5th and most recent plan covers the period from 2023 to 2027. The new phase of the PPCDAm brings goals such as expanding the area of federal public forests under concession by up to 5 million hectares by 2027 and allocating 29.5 million hectares of federal public forests, also by 2027. The plan was developed and approved by 19 Ministries that form the Interministerial Commission for the Prevention and Control of Deforestation. 
 The PPCDAm now proposes a goal zero deforestation, meaning the elimination of illegal deforestation and ending compensation for the legal suppression of native vegetation. It aims to achieve this by strengthening the implementation of forestry legislation and recovering and increasing the stock of native vegetation through economic incentives for conservation and sustainable forest management. 
 PPCerrado develops similar objectives for the Cerrado climate. In 2023 it was published the 4th phase of this programme.",BRA,Brazil,2004,['other'],CCLW
National Committee for Disaster Management 2004,The policy document of the National Committee for Disaster Management (NCDM) formalises the responsibilities and procedures towards strengthening the disaster management process.  The NCDM policy document provides a comprehensive approach to disaster management considering a large range of possible disasters that could occur and the responses required in any emergency situation.  The policy promotes capacity-building mechanisms and the establishment of facilities and technical resources to ensure an operational disaster management.,KHM,Cambodia,2004,['flood'],CCLW
Law No. 04-20 relative to the Prevention of Major Risks and the Management of Catastrophes in the Framework of Sustainable Development,"The Law establishes the legal framework for disaster prevention and disaster risk management in Algeria. This Law is not limited to climate change-related risks, but explicitly includes climatic risks, and climate related areas (notably flooding and forest fires), in addition to other non-climate related disasters.",DZA,Algeria,2004,"['flood', 'other', 'wildfire']",CCLW
"Azerbaijan: National action plan on strengthening capacity to respond to challenges of biodiversity conservation, climate change and desertification/land degradation","Presently, the whole mankind is getting more and more concerned about global environmental challenges and these issues are now being considered by the developed and developing countries of the world both at political and economic levels. In order to reduce the increasingly growing impact on the environment to a minimum there is a necessity in strengthening activities of the world community and international organizations. Pursuant to a decision by the board of global environmental facility (GEF) support provided by GEF to countries with economy in transition for needs assessment and strengthening capacity in the protection of the global environment is part of the aforementioned activities. The main objective of needs assessment and strengthening capacity by countries is to build an independent capacity in the area of global environmental protection as well as biodiversity conservation, combating climate change and desertification / soil degradation by taking account of provisions of the three international conventions.",AZE,Azerbaijan,2005,['drought'],CCLW
The National Wetlands Policy of The Bahamas,"The purpose for the Policy, as set out in the document itself, is to have an all encompassing wetland policy outlining the guidelines and objectives of the government for wetlands protections. The policy aims to provide guidelines and a course of procedure for the sustainable management of wetlands.  The goal of the Policy is the conservation, restoration, and management of wetlands together with sustainable development practices.  The Policy comprises of five objectives:Management of human activity on or near wetlands in line with the preservation of wetlands; 
 Promotion of recognition and integration of wetland functions in resource management and economic development decision-making;  
 Promotion and facilitation of development of wetland stewardship, awareness and education through government initiatives and cooperative relationships; 
 Development of a shared vision; 
 Meeting The Bahamas' international commitments.  
 
 As one of the guiding principles, an environmental impact assessment (EIA) will be required for all activities in wetlands which are likely to have a negative impact on the wetlands. The Policy emphasises the importance of partnership and cooperation.  The Policy also outlines strategies for managing the wetlands, for implementing policies and delivering programmes, involving the Bahamian people in wetlands management, working in partnership with local government, ensuring a sound scientific basis for policy and management, and international actions.  
 The Policy  explicitly refers to climate change and rising sea levels, both against which wetlands are the primary defence for the vulnerable groundwater resources.  The Policy also outlines all Act and International Conventions relevant to wetlands.  Lastly, it gives instructions for the implementation of the Policy. Annex A outlines the guidelines for EIAs. Annex B provides a summary of the National Parks Regulations  of The Bahamas National Trust.",BHS,Bahamas,2007,"['sea_level_rise', 'storm']",CCLW
National Policy of Combating Climate Change,"This document aims at providing a national framework to mitigate the effects of climate change and adapt to its impacts in an effective and sustainable manner. It defines a number of objectives and strategies to attain those. It details financial, human resource, legislative, administrative and other implications of these strategies. Objectives include 1) Promote public awareness and improve stakeholder understanding of the causes and effects of climate change, 2) Strengthen the management of climate change information, 3) Build capacity on effective national responses to climate change, 4) Implement mitigation measures to reduce greenhouse gas emissions causing climate change, 5) Implement adaptation measures to protect Samoa from the impacts of climate change, and 6) Establish a regulatory framework to facilitate the national responses to climate change. This document was substantially updated by the  Climate Change Policy 2020-2030 .",WSM,Samoa,2007,"['erosion', 'sea_level_rise']",CCLW
Disaster and Emergency Management Act,"The act establishes Samoa's legal framework on disaster risk management. It provides several measures for the management of disasters and emergencies.The main measures are 1) to establish a structure for the management of disasters and emergencies by promoting cooperation amongst agencies with a role in disaster management, 2) the implementation of a national disaster management plan, 3) to vest authority in persons and agencies to act during times of disaster and emergency, 4) to enhance the capacity of the government, relevant agencies and the community to manage the impacts of disasters and emergencies, 5) to implement mechanisms to reduce risks and hazards, 5) to facilitate procedures aimed at implementing recovery activities in the aftermath of disasters and emergencies.",WSM,Samoa,2007,['wildfire'],CCLW
Executive Decree No. 35 - National Climate Change Policy,"The main objective of this Decree is the approval of the principles, objectives, subprograms and action lines of the National Climate Change Policy. The objective of the Policy is to properly manage the issue of climate change at the national level and the effects it may have on the population and the territory, in accordance with the provisions included in the United Nations Framework Convention on Climate Change, the Protocol of Kyoto, the Political Constitution of the Republic of Panama and the General Environmental Law. The principles of the policy include: 1) Protect the climate system for the benefit of present and future generations, on the basis of equity and in accordance with their common but differentiated responsibilities and their respective capacities, 2) Take fully into account the specific needs and special circumstances of the Parties that are developing countries, especially those that are particularly vulnerable to adverse effects of climate change, 3) Recognize the commitment to implement actions of adaptation and mitigation of the adverse effects of climate change, taking into account especially the areas of poverty, so that economic development, environmental so and social of the country, 4) Integration of the National Climate Change Policy within The national strategy for development and economic growth and the promotion of the conscious participation of citizens, including gender equality, 5) Recognition that the policy and issues related to climate change at the national level should be coordinated through ANAM as the designated National Authority and focal point before the UNFCCC, and 6) Climate change management that includes integration and coordination in the sector, regional, local and national, complemented by other instruments of environmental management, such as environmental education, territorial planning, gender and environment, among others. Specific objectives of the policy are set out in the institutional, normative, environmental sectors. The policy further aims at promoting actions of awareness and citizen participation, so that the key actors in the different processes linked to the management of climate change are involved, highlighting women for their proven leading role in the process.",PAN,Panama,2007,"['drought', 'flood', 'other', 'sea_level_rise', 'temperature_extremes', 'wildfire']",CCLW
Catastrophe Fund Act,"This Act provides for the establishment of the Catastrophe Fund to provide financial aid to any low-income earner who owns and occupies a chattel house (i.e., constructed of both wood and brick) valued at not more than $150,000, where that house is damaged or destroyed by a catastrophe. The National Insurance Board is responsible for the management and investment of the Fund. 
 This Act was amended in 2012 to provide that instead of paying the grant to the person entitled, the Committee shall pay the amount of the grant to an agency that has provided said person with a house or effected repairs to said person's house. In addition, provisions on offences for obtaining a grant through giving false information and failed repayment were also added.",BRB,Barbados,2007,"['flood', 'other', 'storm', 'wildfire']",CCLW
Water Law,"This Law stipulates that a preliminary flood risk assessment is to be prepared by the competent administration body for each water area, taking into account the impact of climate change on the occurrence of floods and to be reviewed six years after preparation. In addition, for areas significantly threatened by floods, a flood risk management plan will be drawn up, also taking into account the impact of climate change on the occurrence of floods and reviewed six years after preparation.",MNE,Montenegro,2007,['flood'],CCLW
Directive 2007/60/EC on the assessment and management of flood risks,"This document establishes a framework for the assessment and management of flood risks, aiming at the reduction of the adverse consequences for human health, the environment, cultural heritage and economic activity associated with floods in the Community. Art 4.2 states that ""based on available or readily derivable information, such as records and studies on long term developments, in particular impacts of climate change on the occurrence of floods, a preliminary flood risk assessment shall be undertaken to provide an assessment of potential risks.""",EUR,European Union,2007,['flood'],CCLW
National Action Plan Addressing Climate Change 2007,"The National Action Plan to address climate change is to be used as guindance to various institutions in carrying out a coordinated and integrated effort to tackle climate change. This guidance will show to relevant parties how to implement actions in managing the production and consumption sectors as well as socio-ecological change.   One of the main goal of the plan is to adjust public policy and the legal instruments, particularly in mitigation and adaptation of development priority sectors, including energy consumers (power plant, industry, transport), trade, forestry, agriculture, fisheries, mining and infrastructure. The plan aims to be evaluated and improved periodically by various stakeholders.",IDN,Indonesia,2007,"['drought', 'flood', 'wildfire']",CCLW
Kenya Vision 2030,"Kenya Vision 2030 is the long-term development blueprint for the country and is motivated by a collective aspiration for a better society by the year 2030. The aim of Kenya Vision 2030 is to create ""a globally competitive and prosperous country with a high quality of life by 2030"". It aims to transform Kenya into ""a newly-industrialising, middle income country providing a high quality of life to all its citizens in a clean and secure environment"". One of the actions under Vision 2030 is to ""Enhance Capacity for Drought Resilience and Climate Change Adaptation: To strengthen the institutional framework for drought management; To develop an integrated drought, climate and food security information system and a harmonised data gathering  processing mechanism.""",KEN,Kenya,2008,['drought'],CCLW
National Action Plan On Climate Change,"The National Action Plan on Climate Change identifies measures that promote the country's development objectives while also yielding co-benefits for addressing climate change effectively. It outlines a number of steps to simultaneously advance India's development and climate change-related objectives of adaptation and mitigation. There are eight national missions which form the core of the National Action Plan, representing long-term and integrated strategies for achieving key goals in the context of climate change : 1) National solar mission; 2) National mission for enhanced energy efficiency; 3) National mission on sustainable habitat; 4) National water mission; 5) National mission for sustaining the Himalayan ecosystem; 6) National mission for a Green India; 7) National mission for sustainable agriculture; 8) National mission on strategic knowledge for Climate Change.",IND,India,2008,['flood'],CCLW
Danish strategy for adaptation to a changing climate (2008) and the Action Plan for a climate-proof Denmark (2012),"The Danish strategy for adaptation to a changing climate aims to assist authorities, enterprises and individuals in 'reacting to the consequences of climate change in good time on their own initiative'. The Strategy thus calls for development and implementation of information campaigns (including a web portal for climate change adaptation) and measures to facilitate the consideration of climate change issues in planning and development. In addition, the strategy provides a broad vulnerability assessment of specific sectors, in particular coastal management, construction, energy supply, water supply, agriculture and forestry, fisheries, nature management, land use planning, human health, rescue preparedness, and insurance related aspects.  The Action Plan for a Climate-Proof Denmark (2012) then provides an overview of initiatives planned or already launched by the government. The main focus areas of the plan (following text adapted directly from the Action Plan document): an improved framework for climate change adaptation; more consultancy and a new knowledge base; strengthened collaboration and coordination; green transition; international climate change adaptation.",DNK,Denmark,2008,"['flood', 'other', 'sea_level_rise', 'storm', 'temperature_extremes']",CCLW
The National Strategy for Disaster Risk Management in Nepal 2008,"The National Strategy for Disaster Management in Nepal (NSDRMN) establishes the framework to achieve the goal of disaster resilient Nepal by providing guidance for improving the policy and legal environment, and by prioritising the strategic interventions.  The Strategy is a roadmap that provides long-term guidance in the area of disaster risk management planning and implementation in the country.  The NSDRMN provides the following actions: 1) to ensure disaster risk reduction (DRR) is a national and local priority with a strong institutional basis for implementation; 2) to identify, assess and monitor disaster risks and engance early warning; 3) a better knowledge management for building a culture of safety; 4) to reduce the underlying risk factors; 5) to enhance preparadness for effective response.",NPL,Nepal,2008,"['drought', 'flood', 'other']",CCLW
National civil protection programme 2019-2024 (and 2008-2012),"This document presents institutional and legal framework for disaster management in Mexico, and discusses disaster risks and natural hazards, such as cyclone, flood, earthquake and others. It provides analysis of the functioning of the national civil protection system related to disaster prevention, public awareness and participation, education, information management, capacity development and disaster preparedness.",MEX,Mexico,2008,"['flood', 'other']",CCLW
Climate Change Act 2008,"The Act provides a long-term framework to improve carbon management, to help the transition to a low carbon economy, encourage investment in low carbon goods and provide an international signal. The Act establishes a legally binding target for the UK to bring all greenhouse gas emissions to net zero by 2050. It also creates 5-yearly 'carbon budgets' as a pathway to meet the long-term target.  
 The Act has now established a legally binding target of at least an 100% cut in GHG emissions by 2050, to be achieved through action in the UK and abroad. Ministers must report on the policies implemented to meet carbon budgets and produce an annual report to Parliament on the status of UK emissions. The Committee on Climate Change (CCC) - an independent, expert body to advise the government on the level of carbon budgets and on progress in meeting these budgets - submits annual reports to Parliament on progress towards targets and budgets. The government must respond to the reports, ensuring transparency and accountability.  
 The Act sets up a carbon budgeting system that caps emissions over 5-year periods, with three budgets set at a time, to help the UK stay on track for its 2050 target. The first three carbon budgets run from 2008-2012, 2013-2017 and 2018-2022, and were set in law in May 2009. The fourth carbon budget, for 2023-2027 approved by parliament in 2011 and reviewed in 2014, puts into law a target to reduce emissions by 50% from 1990 levels by 2025 (the midpoint of the budget period). The government must report to Parliament its policies and proposals to meet the budgets and set a limit on the purchase of carbon credits for each budgetary period - for the first budgetary period, a zero limit was set in May 2009, excluding units bought by UK participants in the EU Emissions Trading System.  
 For the second budget period, a limit of 55MtCO2e was set. The Act also gives powers to introduce domestic emissions trading schemes more quickly and easily through secondary legislation - the first use has been to introduce the Carbon Reduction Commitment Energy Efficiency Scheme. The Act introduced measures on biofuels and powers to introduce pilot financial incentive schemes in England for household waste. The Act requires, by the end of 2012, the inclusion of international aviation and shipping emissions in the net carbon account, or an explanation to Parliament why not. The government announced in December 2012 that this decision would be deferred, recognising uncertainty over the international framework for reducing aviation emissions and particularly the treatment of aviation within the EU ETS. The new net zero target still excludes aviation and shipping. The government must report at least every 5 years on the risks to the UK of climate change, and publish a programme setting out how these will be addressed. The first such climate change risk assessment was published in 2012.  
 The Act also introduces powers for government to require public bodies and statutory undertakers to carry out their own risk assessment and make plans to address those risks. The Act introduces an Adaptation Sub-Committee of the Committee on Climate Change, providing advice to, and scrutiny of, the Government's adaptation work.",GBR,United Kingdom,2008,['other'],CCLW
Lebanon's National Forest Fire Management Strategy (2008),"Lebanon's National Forest Fire Management Strategy (2008) acknowledges climate change as a major and increasing contributor to forest fires, alongside changes in land use. The strategy recommends several climate-related measures such as fine-scale spatial mapping of climate change predictions to help target risk reduction measures, and using carbon sequestration funding to restore habitats with high fire risk to improve their resilience.",LBN,Lebanon,2008,['wildfire'],CCLW
German Strategy for Adaptation to Climate Change (DAS),"The Strategy creates a framework for adapting to the impacts of climate change. It primarily describes the contribution of the Federation, thus acting as a guide for other actors. The Strategy lays the foundation for a medium-term, step-by-step process undertaken in co-operation with the federal states and other civil groups and aimed at assessing the risks of climate change, identifying the possible need for action, defining appropriate goals and developing and implementing options for adaptation measures.",DEU,Germany,2008,"['drought', 'flood', 'melting', 'other', 'sea_level_rise', 'storm', 'wildfire']",CCLW
National Afforestation Program - Revised Operational Guidelines - 2009,"The Revised Operational Guidelines of the National Afforestation Programme (NAP) are issued to decentralise the project cycle management of the Scheme with a view to expedite fund transfer to the village-level implementing organisation,that is the Joint Forest Management Committees (JFMCs) and Eco-development Committees (EDCs), to embed the Scheme in the overall forestry development programme of the State, build capacity of the institutional actors and promote livehoods of JFMC members by linking forest development to value addition and marketing of forect products.  The Programme establishes the following objectives : 1) sustainable development and management of forest resources; 2) to increase and/or improve Forest and Tree Cover (FTC); 3) rehabilitation of degraded forests and other areas by institutionalizing decentralized/participatory forest management.",IND,India,2009,"['drought', 'flood', 'wildfire']",CCLW
National Plan Against Climate Change for 2030,"The National Plan presents the mitigation and adaptation actions taken to combat climate change. It consolidates within the Department for the Environment a number of initiatives related to climate change established by other ministries. It presents a summary of current emissions and projections of climate impacts, and it integrates the plans of individual ministries.  The Plan includes a summary of current emissions and projections of climate impacts. The mitigation measures draw upon the 2008 National Energy Strategy and are mainly related to energy efficiency and the production of renewable energy. They comprise seven areas: energy demand and supply, transport, industry, waste management, agriculture, forestry and construction. In order to promote mitigation measures, the Department for the Environment should: promote CDM projects; elaborate GHG inventories, particularly aiming at establishing carbon pricing; and establish green taxes for electric equipment and energy efficiency improvement in existing buildings.  Adaptation measures are proposed within the areas of weather forecast, water resources, agriculture, forestry, desertification, fisheries, public health, and tourism.  The National Plan against Climate Change establishes a number of research initiatives to promote climate change mitigation and adaptation. These include creating a human and technical apparatus to allow the identification, monitoring and alert of extreme climate events; promoting research on climate variation and climate change prediction; preparing climate risk assessments on regional and local levels; helping different sectors to evaluate their vulnerabilities to climate change; and elaborating climate change adaptation strategies.The 2009 version was replaced in 2019 by the National Plan against Climate Change with a vision until 2030.",MAR,Morocco,2009,"['flood', 'other', 'temperature_extremes']",CCLW
Forestry and Climate Change Framework for Action 2009-2015,"This document sets the government's medium-term forestry and climate change vision. It seeks to enforce the fourth goal of the country's constitution, which is ""to ensure that the forest resources of the country are used and replenished for the collective benefit of all Papua New Guinean now and for future generations."" The policy's objectives include to manage and protect forest resources as a renewable natural asset, to implement adaptation measures and to contribute to mitigation efforts. It also seeks to ensure benefit sharing in any future carbon trading scheme.",PNG,Papua New Guinea,2009,"['drought', 'flood', 'other', 'sea_level_rise', 'storm', 'wildfire']",CCLW
National Policy for Disaster Management,"The policy recognizes that climate change contributes significantly to Kenya's increasing vulnerability to disasters in the last two decades and affects seriously the lives and livelihoods of communities. The policy therefore aims to institutionalise mechanisms to address these disasters and associated vulnerabilities stressing the central role of climate change in any sustainable and integrated National Strategy for Disaster Management.    The policy emphasises preparedness on the part of the government, communities and other stakeholders and proposes to establish and strengthen Disaster Management institutions, partnerships and networking. It proposes to mainstream Disaster Risk Reduction in the development process and strengthen the resilience of vulnerable groups.    Disaster Risk Management encompasses a full continuum from preparedness, relief and rehabilitation, mitigation and prevention including t diversification of vulnerable livelihoods and coping mechanisms. Ministry of State for Special Programmes in the Office of President is appointed as the chief national co-ordinator.",KEN,Kenya,2009,"['drought', 'flood', 'other', 'storm', 'wildfire']",CCLW
PM Decision 1002/2009 on Community Awareness and Community-based management of natural disaster risks,"The PM Decision No.1002/2009 approves the scheme on improvement of community awareness and community-based management on natural disaster risks.The objectives of the scheme are the following: 1) to perfect mechanisms and policies on community-based management of natural disaster risks from central to local levels; 2) to improve the capacity of local administration officials on natural disaster prevention, combat and mitigation; 3) to develop disaster prevention plans, information and communication systems in all villages and communes highly prone to natural disasters; 4) to develop core forces specialised in natural disaster mitigation and a contigent of volunteers to assist people; 5) to disseminate knowledge about flood and storm prevention; 6) to include knowledge on natural disaster prevention and mitigation in general schools' curricula.",VNM,Vietnam,2009,"['flood', 'storm']",CCLW
Resolution A.N. no. 003-2009 (on climate change and adaptability),"This resolution nationally recognises a number of international agreements and declarations in the climate change matter. It urges to the respective authorities the application of measures to prevent and assess the risks of climate change in infrastructure investments and productive programs, with emphasis on public investments, to promote a long-term clean development path to reduce the rate of growth of emissions with respect to 1990. It urges the Executive Branch to proceed to ""formulate and promote a Climate Change Adaptation Policy, in order to incorporate adaptation and mitigation into sectoral plans"", in accordance with Article 60 of Law No. 217 ""General Law of the Environment and Natural Resources ""and its reform Law No. 647, recently approved on February 13, 2008.  The law also calls for public and private universities and civil society organizations to contribute their research to the dissemination of knowledge related to climate change, the best adaptation practices, through the daily life of communities in efficient use of water, the adequate disposal of solid waste, reforestation, improvement of food habits and sustainable production practices. It urges the Permanent Commission on the Environment and Natural Resources of the National Assembly, so that within the scope of its powers, specifically that established in Article 69, inc. 6) of Law No. 606 ""Organic Law of the Legislative Power of the Republic of Nicaragua, do the following: 1) Assist with all sectors of the country, so that Climate Change Adaptation Plans are promoted and executed, 2) Promote social awareness about Climate Change, 3) Conduct annual assessments on the progress of Nicaragua's adaptability to climate change, and 4) To permanently monitor governmental and non-governmental actions aimed at promoting the adaptability of our country in the face of climate change.",NIC,Nicaragua,2009,"['drought', 'flood', 'other', 'sea_level_rise', 'wildfire']",CCLW
"The Climate Change Act (RA 9729), and its Implementing Rules and Regulations","The Act acknowledges the Philippines' vulnerability to climate change and the need for appropriate adaptation. It creates a comprehensive framework for systematically integrating the concept of climate change, in synergy with disaster risk reduction, in various phases of policy formulation, development plans, poverty reduction strategies and other development tools and techniques.  The Act states the main principles of climate change policy: common but differentiated responsibilities; the Precautionary Principle; UNFCCC objectives (GHG mitigation and adaptation), and the Hyogo Framework for Action addressing disaster risk reduction. It adopts a gender-sensitive, pro-children and pro-poor approach.  The Act establishes the Climate Change Commission as the sole policy-making body within government, which overseas, co-ordinates and evaluates climate change policies and plans. The commission is established under the office of the President (abolishing the Presidential Task Force on Climate Change, established in 2007) and has a diverse advisory board composed of government ministries and agencies.  The Act requires the Commission to draft several policies: - A National Climate Change Framework, as a basis for research and action planning - A detailed National Climate Change Action Plan - A Local Climate Change Action Plan - guidelines developed by the Commission  Additional powers and functions include: - Mainstreaming of climate change, in synergy with disaster risk reduction, into the national, sectoral and local development plans and programmes and co-ordinating climate change programmes of national government agencies - Recommending legislation, policies, strategies, programmes on adaptation and mitigation - Recommending key development investments in climate-sensitive sectors such as water resources, agriculture, forestry, coastal and marine resources, health and infrastructure - Creating an enabling environment for the design of relevant and appropriate risk-sharing and risk-transfer instruments and promotion of broader multi-stakeholder participation and integrate climate change mitigation and adaptation - Representing the Philippines in the climate change negotiations - Formulating and implementing guidelines for determining vulnerability to climate change impacts and adaptation assessments - Facilitating capacity building for local adaptation planning, implementation and monitoring of climate change initiatives in vulnerable communities and areas.",PHL,Philippines,2009,"['drought', 'flood', 'other', 'sea_level_rise', 'storm', 'temperature_extremes', 'wildfire']",CCLW
Grenelle I,"In 2007, the French government established six working groups gathering state and non-state actors to address ways to redefine France's environment policy. The proposals were put to public consultation, leading to a set of recommendations presented to the French parliament in early 2008. One working group specifically addressed climate change. The Grenelle I Law states the principles of the Grenelle process. The Grenelle II Law gives a more detailed implementation framework. Not all the measures negotiated during the Grenelle process were adopted.  The Grenelle I sets among others the following objectives and targets related to climate change and energy:  Buildings: make the building sector the Number 1 sector supporting the fight against climate change  Apply the 'Low consumption building' norm to all new buildings starting end 2012 (less than 50kWh/m2/year of primary energy consumption)  Reduce energy consumption in old buildings by 38% by 2020 o Complete 400,000 thermal renovations of buildings per year starting 2013 o Launch a social housing programme for energy efficiency renovation for 800,000 households  Urban planning: Harmonise policy and planning documents, in particular relevant to agglomeration level  Transport: Reduce GHG emissions by 20% by 2020 and reduce the sector dependency on fossil fuels  Put in place an eco-tax for heavy vehicles starting 2011 o Increase the share of non-road and non-aviation transport from 14% in 2009 to 25% by 2022 o Increase the share of non-road and non-aviation freight by 25% by 2012  Provide by 2020 EUR2.5bn (USD3.1bn) state investment for development of urban public transport o Inaugurate 2,000 km of high-speed rail by 2020 o In aviation transport, reduce by 2020 fuel consumption/ passenger/km by 50% and reduce by 50% total fuel consumption  Energy: contribute to the goal of drastic GHG emissions reduction o Minimum 23% of energy mix by 2020 sourced from renewable energy sources  Example set by the State: sustainable sourcing and energy efficiency measures o Starting 2009, vehicles purchased by the State should not emit more than 130g CO2/km (exceptions apply) o Starting 2010, use certified wood or wood issued from sustainably managed forests o Improve energy efficiency by 20% by 2015  French overseas territories: to become 'territories of environmental excellence'  Aim for energy autonomy (50% by 2020) Monitoring arrangements: a National Committee on Sustainable Development and the Environment monitors the implementation of the measures adopted in the Grenelle Laws and reports once a year to Parliament to suggest improvements. The committee also formulates, monitors and evaluates sustainable development and biodiversity national strategies. The committee is chaired by the Ministry of Environment, and consists of the inter-ministerial delegate for sustainable development, representatives of the State, the private sector, environmental NGOs and unions. It has six members who represent family, consumer protection, solidarity, social integration, youth, development aid and a representative of the Chamber of Commerce and Industry. In total, it has 41 members.",FRA,France,2009,"['erosion', 'flood', 'other']",CCLW
Bangladesh Climate Change Strategy and Action Plan (BCCSAP),"The BCCSAP, published by the Ministry of Environment and Forests, is a 'knowledge strategy' built upon the National Adaptation Programme of Action (2005 and 2009). It sets out 44 programmes to be taken by Bangladesh over the short, medium and long term within six strategic areas:  - Food security, social protection and health  - Comprehensive disaster management  - Infrastructure  - Research and knowledge management  - Mitigation and low carbon development  - Capacity building and institutional strengthening    A common theme throughout of all of these strategic areas is the focus on the poor and vulnerable and in particular women and children. All programmes are expected to provide synergies with the government's Vision 2021. Examples of the programmes include:  - Infrastructure: programme T3P8 seeks to restore rivers and khals through dredging and de-siltation works  - Mitigation: programme T5P7 targets re/afforestation",BGD,Bangladesh,2009,"['drought', 'erosion', 'flood', 'melting', 'other', 'sea_level_rise', 'storm']",CCLW
Seychelles National Climate Change Strategy,"This strategy seeks to minimise the impacts of climate change through concerted and proactive action at all levels of society. It lists the main impacts of climate change that the country will face, stresses the need to develop cross-sectoral programmes addressing matters of policy, institutions, capacity building and civil society involvement.  It defines five strategic objectives: 1) To advance our understanding of climate change, its impacts and appropriate responses, 2) To put in place measures to adapt, build resilience and minimise our vulnerability to the impacts of climate change, 3) To achieve sustainable energy security through reduction of greenhouse gas emissions, 4) To mainstream climate change considerations into national policies, strategies and plans, and 5) To build capacity and social empowerment at all levels to adequately respond to climate change.",SYC,Seychelles,2009,"['drought', 'flood', 'other', 'sea_level_rise', 'storm', 'temperature_extremes', 'wildfire']",CCLW
National Policy on Climate Change 2.0 ,"The National Climate Change Policy 2.0  is an update from the 2009 Policy aimed at transitioning the country toward a low-carbon economy and enhancing climate resilience. This involves integrating climate change considerations into all aspects of governance and development, promoting sustainable practices, and ensuring that Malaysia meets its climate commitments, including achieving net-zero greenhouse gas emissions by 2050. 
 The policy is structured around a strategic framework with four main objectives, five strategic thrusts, 15 strategies, and 90 key actions. It is guided by four key principles: common but differentiated responsibilities and respective capabilities, just and equitable transition, a whole-of-society and nation approach, and integrated and multi-sectoral solutions.",MYS,Malaysia,2009,"['drought', 'erosion', 'flood', 'sea_level_rise', 'wildfire']",CCLW
Philippine Strategy on Climate Change Adaptation,"The formulation of the Philippine Strategy on Climate Change Adaptation builds on existing institutional processes but gives strong emphasis on collaboration among national agencies, the legislative branch, the academy, business and civil society. Eight technical working groups were organised to tackle needs and concerns in eight major sectors: Agriculture, Biodiversity; Coastal and Marine; Forestry; Water; Health; Energy; and Infrastructure. The development of the Philippine Strategy on Climate Change Adaptation is supported by the German government through a programme called 'Adaptation to Climate Change and Conservation of the Biodiversity in the Philippines (ACCBio)' funded under the International Climate Protection Initiative of the Federal Ministry for the Environment, Nature Conservation, and Nuclear Safety of Germany (BMU) and implemented by German Technical Co-operation (GTZ) with the government and civil society partners.",PHL,Philippines,2009,"['drought', 'erosion', 'flood', 'other', 'sea_level_rise', 'storm', 'wildfire']",CCLW
National Strategy for Disaster Resilience,"The National Strategy for Disaster Resilience outlines the Australian government's overall approach to building resilience to disasters, including those related to climate change. Primarily, it emphasizes a collective responsibility in building resilience and therefore encourages capacity building through networks and partnerships between government, civil society, private sector, and a variety of other actors. More specifically, it also calls for creating a National Emergency Management Committee, improving land use and building practices, conducting risk assessments and risk mapping, as well as a number of other functions.",AUS,Australia,2009,"['erosion', 'flood', 'sea_level_rise', 'storm', 'wildfire']",CCLW
National Climate Change Policy (PNCC - Government agreement N.329-2009),"The Policy lays out the basis, objectives, entry points, guidelines and legal basis for national climate change adaptation and mitigation. It aims to develop climate change national capacities; promote vulnerability reduction and improvements in adaptation to climate change; and mitigate GHG emissions. The policy was detailed in 2016 with the National Action Plan for Climate Change. To achieve these goals, the policy proposes measures to increase public awareness and technology and knowledge transfer, improving risk management and adopting adaptation measures. GHG emissions are addressed under a broad and comprehensive approach that suggests actions related to forest and waste management, energy production and consumption, financial mechanisms, and carbon market.",GTM,Guatemala,2009,"['drought', 'flood', 'other', 'wildfire']",CCLW
Flood Risk Act,"The Flood Risk Act (Act on the assessment and management of flood risk from watercourses and lakes) establish the framework for assessing and managing flood risk from watercourses and lakes with a view to reducing the negative consequences of floods for human health, the environment, cultural heritage and economic activities. It obligates municipalities with identified risk areas to prepare risk management plans. The Danish Coastal Authority is responsible for identifying risk areas based on a national assessment of the risk of flooding from sea and watercourses. 
 Denmark has a total of 14 risk areas identified pursuant to EU Directive 2007/60/EC on the assessment and management of flood risks. All 27 affected municipalities have drawn up risk management plans. The plans outline the actions that municipalities can take to prevent major devastation in the event of catastrophic flooding.",DNK,Denmark,2009,['flood'],CCLW
Sri Lanka: State of the nation on climate change,"With climate change there has been a corresponding increase in the incidence of &lsquo;natural&rsquo; disasters. The following have been identified as the key disasters that are directly precipitated by climate change: drought, floods, landslides, cyclones and coastal erosion. Lowering risks is an integral ...",LKA,Sri Lanka,2010,"['drought', 'flood', 'other', 'storm']",CCLW
National Climate Change Response Strategy,"The National Climate Change Response Strategy is Uruguay's attempt to frame mitigation and adpatation policies. It details which sectors are responsible for the national GHG emissions (energy, land use change and agriculture), lists the country's particular vulnerabilities (costal erosion, uncertainty in annual crop yields, forest fires, etc.), establishes sectoral priorities and objectives. It further discusses the sectoral and transversal management of the efforts.",URY,Uruguay,2010,"['drought', 'erosion', 'flood', 'other', 'sea_level_rise', 'storm', 'temperature_extremes', 'wildfire']",CCLW
Disaster Management Act no 13/2010,"The Disaster Management act establishes a framework for the management of natural disasters. Several measures of prevention, preparedness, coordination and mitigation are defined to deal with natural emergencies (flood, erosion, wildfires, etc) at national and provincial levels. These include disaster management plans, declarations of disasters and recovery plans. The act further establishes the National Disaster Management and Mitigation Unit and the National Disaster Relief Trust Fund. It sets these institutions' respectives missions and prerogatives.",ZMB,Zambia,2010,"['erosion', 'flood', 'wildfire']",CCLW
Joint National Action Plan on Climate Change Adaptation and Disaster Risk Management 2010-2015,"This Plan defines six objectives and a subsequent implementation strategy: 1) Improved good governance for climate change adaptation and disaster risk management (mainstreaming, decision making, organizational and institutional policy frameworks), 2) Improved good governance for climate change adaptation and disaster risk management (mainstreaming, decision making, organizational and institutional policy frameworks), 3) Analysis and assessments of vulnerability to climate change impacts and disaster risks, 4) Enhanced community preparedness and resilience to impacts of all disasters, 5) Technically reliable, economically affordable and environmentally sound energy to support the sustainable development of the Kingdom, and 6) strong partnerships, cooperation and collaboration within government agencies and with Civil Societies, Non Government Organisations and the Private Sectors.  The development of this Joint Action Plan on Climate Change Adaptation and Disaster Risks Management complies with Tonga's National Strategic Development Framework 2009-2014, the Pacific Islands Framework of Action on Climate Change 2006-2015, the Pacific Disaster Risk Reduction and Disaster Management Framework for Action 2005-2015, the International Decade for Natural Disaster Reduction (IDNDR), the Yokohama Plan for Action and the Hyogo Framework for Action 2005-2015, and the United Nations Framework Convention on Climate Change.",TON,Tonga,2010,"['drought', 'erosion', 'flood', 'other', 'sea_level_rise', 'storm', 'temperature_extremes']",CCLW
Grenelle II,This law specifies the Grenelle I objectives in order to facilitate their implementation.  Energy - supply-side policies:  Better linkage of renewable energy to the main energy network  Support and administrative facilitation for wind power  Incentives for solar power  Regulation of experimental carbon storage installations  Energy - demand-side policies:  Carbon tax (abandoned and later re-introduced by the Fiscal Law 2014) Publication of regional programmes for climate and energy within a year of the law entering into force  Improvement of energy saving certification schemes  Improvement of energy consumers' information on their level of consumption and means of reduction  Improvement of buildings efficiency (e.g. State sector - reduce energy consumption by at least 40% by 2020 and their GHG emissions by 50%),FRA,France,2010,['other'],CCLW
National Policy on Climate Change for Namibia,"This document presents information about the main expected impacts of climate change in Namibia and about those most vulnerable. The document also proposes objectives that the Government of Namibia will aim to achieve through an effective and efficient response to climate change. The Policy aims in particular at enabling a sustainable access to water, food security, human health and wellbeing, access to fisheries and marine resources, making infrastructure resilient to climate risks, low carbon energy and economy, education, public awareness, research. It further seeks to improve disaster risk management, better allocate financial resources and foster international cooperation.",NAM,Namibia,2010,"['drought', 'erosion', 'flood', 'other', 'sea_level_rise', 'temperature_extremes']",CCLW
National Climate Change Adaptation Strategy for Sri Lanka 2011 to 2016,"This document outlines Sri Lanka's National Climate Change Adaptation Strategy which lays out a prioritized framework for action and investment for the 2011- 2016 period aimed at moving the country towards a climate- change resilient future. Five strategic goals frame this document: 1) Mainstream Climate Change Adaptation into National Planning and Developmen, 2) Enable Climate Resilient and Healthy Human Settlements 3) Minimize Climate Change Impacts on Food Security, 4) Improve Climate Resilience of Key Economic Drivers, and 5) Safeguard Natural Resources and Biodiversity from Climate Change Impacts. The authors estimate that 47.7 billion rupees in incremental additional financing, beyond current and ongoing expenditure, will be required to implement the strategy over its 6 year duration.",LKA,Sri Lanka,2010,"['drought', 'flood', 'other', 'sea_level_rise']",CCLW
National Climate Change Adaptation Strategy,"The Strategy was developed by the Belgian National Climate Commission in response to the EU White Paper on Adaptation (2009) and the Belgian National Climate Plan (2009-2013). The three main objectives of the Strategy are: improve the coherence of existing adaptation initiatives (evaluation of climate change impacts and vulnerability, existing measures) improve communication at the national, European and international level create a National Adaptation Plan    The Adaptation Strategy lays down the following principles and considerations to be followed during elaboration of a National Adaptation Plan (currently being developed): consideration of particular vulnerability of coastal areas need for targeted specific adaptation measures and co-operation among all relevant stakeholders possible side effects from adaptation measures but also potential for win-win measures adaptation, so far a bottom-up approach, to be further encouraged and communicated through central co-ordinated initiatives especially for monitoring and best-practice sharing special support is to be provided to the most vulnerable groups    Based on the above, the following objectives of a future National Adaptation Plan are proposed: Cluster and co-ordinate work on adaptation Ensure visibility for stakeholders, both in and outside Belgium Create awareness and raise the sensitivity of actors Identify and communicate dangers, gaps, risks, possibilities and synergies Provide policy coherence and a clear structure in which the current activities are to be positioned Provide basis for individual actors to take preventive measures and incorporate impacts of climate change in their private, business and public planning Enable co-operation and synergy between the federal, regional and local governments Ensure that all levels of government can fully control an effective implementation",BEL,Belgium,2010,"['drought', 'erosion', 'flood', 'other', 'sea_level_rise', 'storm', 'temperature_extremes']",CCLW
National Policy to Combat Climate Change 2019 (and 2011),"Madagascar's vision to combat climate change is to have all the necessary capacities required for the country's sustainable development. The National Policy to Combat Climate Change includes the following strategies: 
 
 Strengthening actions to adapt to climate change, which take into account the country's real needs 
 Implementation of mitigation actions for the benefit of the country's development 
 Integration of climate change at all levels 
 Development of sustainable financing instruments 
 Promotion of research, development and technology transfer and adaptive management",MDG,Madagascar,2011,"['drought', 'erosion', 'flood']",CCLW
Strategic Development Plan 2011-2030 (updated by the National Energy Seminar synthesis report),"The Strategic Development Plan 2011-2030 is a document set out by the government to detail its development vision over the period. Several five-year plans and sectoral documents complete the overall Plan from 2011. The Plan further has extensive annexes detailing sectoral projects. In the case of Conventional Electricity, Renewable and other New Energy, the dedicated annex establishes 66 projects to implement.",CIV,Côte d'Ivoire,2011,"['flood', 'other', 'wildfire']",CCLW
National Climate Change Policy Framework,"The National Climate Change Policy Framework (NCCPF) sets out the Government's commitments and responsibilities to address climate change. This policy framework will guide the development of adaptation and energy security measures, prepare to manage current climate variability and future climate projections.  The document sets five priority goals: 1) Strengthen the Enabling Environment for Climate Change Adaptation and Mitigation, including Sustainable Financing, 2) Adaptation and Reducing Risks for a Climate Resilient Future, 3) Energy Security and Low-Carbon Future, 4) Disaster Preparedness, Response and Recovery, and 5) Building Education and Awareness, Community Mobilization, whilst being mindful of Culture, Gender and Youth. The National Climate Change Committee (NCCC) will further oversee the development of a Climate Change and Disaster Risk Management National Action Plan. This action plan will identify priority actions needed under each strategic goal, and align these with actions already identified under the National Action Plan for Disaster Risk Management 2008-2018.",MHL,Marshall Islands,2011,"['drought', 'flood', 'other', 'sea_level_rise', 'storm']",CCLW
National Cimate Change Policy (2019),"This National Climate Change Policy replaces the previous 2011 policy, in part to more effectively give effect to Constitutional provisions guaranteeing the right of every citizen to live in a clean and healthy environment. The stated goal of the policy is to ""contribute to socio-economic prosperity of the nation by building a climate resilient society."" The specfic objectives of the policy include: a) to enhance climate change adaptation capacity b) to build resilience in at risk ecosystems c) to promote a green economy through low carbon development d) to mobilize nation and international climate finance in a just manner e) to conduct research and development and develop a climate information service f) to mainstream climate change into policies, plans and programs at all levels and sectors g) to mainstream gender equality and soical inclusion into climate change mitigation and adaptation programs The policy provides a number of sector specific and inter-sectoral strategies, including strategies on the development of necessary laws, multi-level governance, and capacity building activities.",NPL,Nepal,2011,"['drought', 'erosion', 'flood', 'other', 'storm', 'temperature_extremes', 'wildfire']",CCLW
Strategic National Action Plan for Disaster Risk Reduction (SNAP),"This Action Plan includes the objective of utilising the convergence of disaster risk reduction and climate change adaptation. Community resilience shall be strenghtenedto learn and adapt to risks and get multi-sectoral, governmental and other types of support.",AFG,Afghanistan,2011,"['drought', 'flood', 'melting', 'other', 'wildfire']",CCLW
Grenada Strategic Program for Climate Resilience,"The Grenada Strategic (Investment) Program for Climate Resilience (SPCR) is the key component of the Pilot Programme for Climate Resilience (PPCR), developed by the Ministry of Finance, Planning, Economy, Energy and Co-operatives in cooperation with and under financial assistance of the World Bank (the PPCR is housed within the Strategic Climate Funds established under the Climate Investment Fund of the World Bank and aims to help countries transform to a low-carbon climate resilient development path, consistent with poverty reduction and sustainable development goals).  The SPCR proposes a comprehensive package of infrastructure projects and technical assistance activities to be financed under the PPCR. It first identifies the key challenges related to climate change vulnerability: Key infrastructure in the country is vulnerable to significant loss and damage from extreme weather events, sea level rise and storm surges; Key natural resources like forests, beaches, soil and water have been damaged and threatened; Lack of systems, expertise and facilities to collect, store and analyse relevant information and data on topics related to climate change; Inadequate knowledge and awareness of potential impact of climate change and lack of technical skills to address them; Policies, laws, rules and regulations related to climate change and disaster risk reduction need strengthening and the capacity to enforce these revised regulations need enhancement; Planning for a co-ordinated response to climate change and disaster risk reduction activities need improvement.  It proposes six main areas of intervention through investment projects (IP) and technical assistance (TA): IP1: Disaster Vulnerability and Climate Risk Reduction IP 2: Forest Rehabilitation TA 1: Water Resources Assessment and Management Study TA 2: Roadmap for Coastal Zone Management TA 3: Improving the Use of Data & GIS for Climate Change Adaptation TA 4: Preparation of a Project for Rehabilitation of Bathway Sandstone Reef.",GRD,Grenada,2011,"['drought', 'erosion', 'flood', 'other', 'sea_level_rise', 'storm', 'temperature_extremes']",CCLW
Priority Framework for Action: Climate Change Adaptation and Disaster Risk Management in Agriculture 2011-2020,"This policy outlines the Nepalese government's approach to adapting to climate change and disaster risk management in the agricultural sector. It has five priorities: (1) strengthening institutions, policy and coordination, (2) assessing and monitoring climate risks and vulnerabilities, (3) improved knowledge management, database and awareness raising, (4) implementing technical options by integrating community based approaches, (5) strengthening capacities for effective risk preparedness, response and rehabilitation.

This policy serves to integrate the priorities of Nepal's National Adaptation Program of Action and its National Strategy for Disaster Risk Management. In doing so, it creates space for government cooperation on the technical matters concerning both and enhances the government's ability to implement immediate actions concerning climate change adaptation and disaster risk management. This policy also outlines short-term priorities related to disaster response, medium-term priorities related to disaster risk reduction, and long-term priorities related to climate change adaptation, integrating them in a single policy.",NPL,Nepal,2011,"['drought', 'erosion', 'flood', 'melting', 'other', 'temperature_extremes', 'wildfire']",CCLW
Climate Change Action Plan 2011-2023,"The Action Plan sets out a road map with short, medium and long-term plans for the fight against climate change encompassing all sectors of the economy.    Overall the plan involves providing climate-friendly goals that underpin Turkey's growth. These include: strengthening the existing information structure on low carbon progress, and developing financing models for the transition to a low carbon economy. This is with the aim of improving the fiscal and technical infrastructure to enable the limitation of GHG emissions Some details of the extensive Plan are highlighted below:    Energy  The plan includes a number of measurable goals regarding energy supply, efficiency standards in Buildings buildings, and incentivising renewables. For example:  - Reducing primary energy intensity by 10% compared to 2008 by 2015  Limiting GHG emissions from coal-fired electricity production, by using cleaner technologies and taking efficiency-increasing measures by increasing the average cycle efficiencies of existing coal-fired thermal power plants until 2023  - Issuing 'Energy Performance Certificates' to all buildings until 2017  - Decreasing annual energy consumption in the buildings and premises of public institutions by 10% until 2015 and by 20% until 2023  - At least 20% of the annual energy demand of new buildings will be met via renewable energy resources as of 2017  - Reducing GHG emissions in new settlements by at least 10% in comparison with existing settlements (which are selected as pilot regions and the GHG emissions of which are identified until 2015) until 2023.    Forestry  - Increase forest carbon sequestration by 15% of 2007 value until 2020 ( 14,500 Gg by 2007, 16,700 Gg by 2020)  - Reduce deforestation and forest damage by 20% compared to 2007 values by 2020    Land use change  - Integrate climate change in land use and land use changes management strategies by 2015  - Increase the amount of sequestered carbon in agricultural forestry activities by 10% by 2020 compared to 2007 values  - Quantify the carbon stored in pastures and meadows in 2012. Increase this by 3% by 2020    Transport  The plan aims to ensure the balanced use of types of passenger and freight transport, specifically:  - Increasing the share of railroads in freight transport from 5% in 2009 to 15%, and in passenger transport from 2% in 2009 to 10% by 2023  - Increasing by 2023, the share of seaways in freight transport from 2.66% of tonne/km in 2009 to 10%, and in passenger transport from 0.37% in passenger/km in 2009 to 4%,  - Decreasing by 2023 the share of highways in freight transport from 80.63% of tonne/km in 2009 to below 60%, and in passenger transport from 89.59% in passenger/km in 2009 to 72%  - Developing the necessary legislation, institutional structure and guidance documents until the end of 2023 for implementation of sustainable transport planning in cities  - Dissemination of the use of alternative fuels and clean vehicle technologies in the transport sector by making legal arrangements and building capacity to increase use of alternative fuels and clean vehicles until 2023  - Increasing efficiency in energy consumption of transport sector by limiting energy consumption in transport until 2023.    Adaptation objectives:    - Integrating adaptation to the impacts of climate change into water resource management policies    - Strengthening water resources management capacity, interagency cooperation and coordination with regard to adaptation to climate change    - Develop and expand R&D and scientific studies to ensure adaptation to the impacts of climate change in water resources management    - Integrated management of water resources and water basins for adaptation to climate change    - Planning renewable energy resources taking into consideration the impacts of climate change and the sustainability of the ecosystem services oriented to increase resilience to climate change",TUR,Türkiye,2011,"['drought', 'erosion', 'flood', 'other', 'temperature_extremes', 'wildfire']",CCLW
National Environmental (Desertification Control and Drought Mitigation) Regulations 13/2011,"These regulations aim to:  
 
 provide an effective and pragmatic regulatory framework for the sustainable use of all areas already affected by desertification and the protection of vulnerable lands; 
 sensitise the public on the causes and dangers associated with desertification and the attendant land degradation; 
 encourage the sustainable use of fuelwood through the use of more efficient and energy saving devices with a view to encouraging their wider use and adoption at all levels; 
 promote the use of alternative sources of energy, including the use of wind, solar, briquettes, coal, gas etc; 
 encourage reforestation and reseeding 
 attain the 25% national forest cover as prescribed by the United Nations Food and Agricultural Organisation (FAO) with a view to being self sufficient in wood and other forest resources, including the enhancement of ecological integrity and the abatement of the impacts of climate change; 
 ensure sustainable agricultural and range management practices, improved animal husbandry and management of water resources in the desertification prone areas with a view to achieving sustainable livelihood, poverty reduction and wealth creation; through introduction of modern and affordable production technologies to resource poor farming communities; 
 promote cooperation internationally; 
 sustain and expands forests and tree cover more generally.",NGA,Nigeria,2011,"['drought', 'other']",CCLW
National Strategy and Action Plan to Combat Soil Degradation 2011-2016,The National Strategy and Action Plan to Combat Soil Degradation (SN-LDS) is intended to be an instrument for integrating all actions to be carried out for better soil conservation. It should serve as a framework for operationalizing the political will expressed in the PRSP II in the fight against soil degradation.,BDI,Burundi,2011,"['erosion', 'other']",CCLW
National Climate Change Policy,"The National Climate Change Policy provides policy guidance to develop administrative and legislative framework for the pursuance of the country's low carbon development through suitable and relevant climate strategies including sectoral and cross sectoral adaptation and mitigation measures. The Policy will be revised every five years with public review to determine effectiveness in achieving the objectives. Implementation is done through stakeholder networks designed to facilitate self-monitoring and reporting.  The Policy is constructed to achieve the following objectives:  To reduce or avoid GHG emission from all emitting sectors  To enhance carbon sinks  To protect the natural environment and human health  To conserve and build resilience of human and natural systems to adapt to impacts of climate change (including capacity building, application of clean technologies, RD)  To enhance agricultural production and food security  To educate the public on climate change impacts and adaptation strategies; and  To conserve and guarantee a sustainable supply of potable water  Following specific measures are mentioned in the Policy  Increase the use of renewable energy: developing renewable energy policy and standards; introducing fiscal incentives; and replacement of street lighting with solar powered Light Emitting Diodes (LEDs)  Provide guidance to increase energy efficiency in commercial and residential buildings  Increase use of alternative fuels and fuel switching in the transport sector  Increase the use of cleaner technology in all GHG-emitting sectors  Strengthen existing institutional arrangement for synthetic observation, research and climate change modelling including through co-operation with academia, non-governmental organisations and the private sector  Assess sectoral vulnerability to climate change by conducting vulnerability analysis and formulate adaptation options  Revise sectoral policies to include consideration of climate change impacts derived from vulnerability analyses  Revise national development plans to incorporate climate change vulnerability, impacts and adaption options with a view to climate proofing new developments and retrofitting existing infrastructure  Enhance the resilience of natural biophysical systems so as to maximize ecosystem services (e.g. natural coastal defence properties of coral reefs and mangrove system through national protected areas)  Promote community-based adaptation through expanded use of the Green Fund for capacity building and enhancing resilience  Participatory approach to climate change  Communication strategy to ensure public awareness  Adaptation measures include sectoral assessment of climate change vulnerabilities, strengthening of institutional arrangements, revision of national development plans, enhancement of resilience and promotion of community-based adaptation using Green Fund. Education, awareness raising, capacity building and institutional strengthening are described as one of the critical pillars of successful implementation, which will be directed in cooperation with non-governmental organizations and community-based organizations. The importance of information, data sharing and financial support of implementation are mentioned in the plan.",TTO,Trinidad and Tobago,2011,"['drought', 'erosion', 'flood', 'other', 'sea_level_rise', 'storm', 'temperature_extremes']",CCLW
National Policy on Climate Change,"The National Policy on Climate Change serves as a reference framework for the various interventions in the areas of climate change in Mali. The vision of the National Policy on Climate Change in Mali is to define by 2025 a framework for sustainable socio-economic development that integrates the challenges of climate change in all sectors of its development in order to improve the well-being of the populations.  The document is organised around the following eight political and institutional objectives: 1) the establishment of an anticipatory and better organized governance of climate change, 2) promoting climate change integration in sectoral policies and strategies and in national and territorial development planning, 3) strengthening adaptation actions to climate change impacts, 4) prevention and management of risks and natural disasters, 5) Promoting actions to mitigate greenhouse gas emissions, 6) srengthening research for development, extension and technology transfer, and the generation of appropriate information and data, 7) Information, public awareness, training and strengthening of climate change capabilities, and 8) promotion and strengthening of international and sub-regional cooperation. The policy further defines sectorial goals, an institutional framework and a financing strategy.",MLI,Mali,2011,"['drought', 'erosion', 'flood', 'other']",CCLW
Climate-Resilient Green Economy (CRGE) Strategy,"The Climate-Resilient Green Economy (CRGE)'s vision is achieving middle-income status by 2025 in a climate-resilient green economy, outlining four pillars: Agriculture: Improving crop and livestock production practices for higher food security and farmer income while reducing emissions 
 Deforestation: Reducing emissions by protecting and re-establishing forests for their economic and ecosystem services including as carbon stocks. The  National Greening Action Program  derives from this goal. 
 Power: expanding electricity generation from renewable energy for domestic and regional markets 
 Transport, industrial sectors and buildings: Leapfrogging to modern and energy efficient technologies. 
 
 The strategy targets climate change mitigation and adaptation. It sets a target to limit 2030 emissions to 150 Mt CO2e (level of 2010 emissions), approximately 250 Mt CO2e less than in the business as usual scenario. It also establishes a target to increase generating capacity by 25,000MW by 2030 - hydro 22,000MW, geothermal 1,000MW and wind 2,000MW. There are programmes to replace wood fuel for domestic use with less polluting fuels, such as biogas. There are plans to distribute 9m stoves by 2015 and 34m by 2030. The initiative establishes a national financial mechanism called the 'CRGE Facility' to mobilise, access, sequence and blend domestic and international, public and private sources of finance to support the institutional building and implementation of the strategy. The CRGE initially relies on existing institutions, notably the Environmental Protection Authority (which in 2013 was replaced by the Ministry of Environment and Forest), the Ethiopian Development Research Institute, six ministries, and several government agencies. Subsequent phases will strengthen institutions to implement the strategy.",ETH,Ethiopia,2011,"['drought', 'erosion']",CCLW
National Climate Change Response Policy White Paper (NCCRP),"The National Climate Change Response Policy is a comprehensive plan to address both mitigation and adaptation in the short, medium and long term (up to 2050). GHG emissions are set to stop increasing at the latest by 2020-2025, to stabilise for up to 10 years and then to decline in absolute terms. 
 
Strategies are specified for the following areas: 
- Carbon Pricing 
- Water 
- Agriculture and commercial forestry 
- Health 
- Biodiversity and ecosystems 
- Human settlements 
- Disaster risk reduction and management 
 
The policy has two main objectives: first, to manage inevitable climate change impacts through interventions that build and sustain social, economic and environmental resilience and emergency response capacity. Secondly, to make a fair contribution to the global effort to stabilise GHG concentrations in the atmosphere. 
 
The Policy specifies strategies for climate change adaptation and mitigation, making use of the short-, medium- and long-term planning horizons (up to five years from publication of policy, up to 20 years, up to 2050, respectively). The White Paper outlines a risk-based process to identify and prioritise adaptation strategies and interventions that have to be taken in the short and medium term, while reviewed every five years. 
 
Concerning mitigation, it includes proposals to set emission reduction outcomes for each significant sector and sub-sector of the economy based on an in-depth assessment of the mitigation potential, best available mitigation options and a full assessment of the costs and benefits using a 'carbon budgets' approach. It also proposed the deployment of a range of economic instruments, including the appropriate pricing of carbon and economic incentives, as well as the possible use of emissions offset or emission reduction trading mechanisms for those relevant sectors, sub-sectors, companies or entities where a carbon budget approach has been selected. 
 
Energy Efficiency and Energy and Demand Management flagship programmes cover development and facilitation of an aggressive energy efficiency programme in industry, building on previous Demand Side Management programmes, and covering non-electricity energy efficiency as well. A structured programme will be established with appropriate initiatives, incentives and regulation, along with a well-resourced information collection and dissemination process. Local governments are encouraged to take an active part in demand-side management. 
 
There is a short-term transport flagship programme, which aims to facilitate the development of an enhanced public transport programme to promote lower-carbon mobility in five metros and in ten smaller cities and create an Efficient Vehicles Programme with interventions that result in measurable improvements in the average efficiency of the vehicle fleet by 2020. The planned rail recapitalisation programme is considered an important component of this Flagship Programme due to its projected contribution to modal shifts of passengers and freight. The programme further introduces a Government Vehicle Efficiency Programme that will measurably improve the efficiency of the government vehicle fleet by 2020, by setting procurement objectives for efficient technology vehicles such as electric vehicles. 
 
In the medium term, the plan calls for significant up-scaling of energy efficiency applications in transport; and for promoting transport-related interventions including transport modal shifts (road to rail, private to public transport) and switches to alternative vehicles (e.g. electric and hybrid vehicles) and lower-carbon fuels. 
 
The principles of the White Paper include prioritising co-operation and the promotion of research, investment in and/or acquisition of adaptation, lower-carbon and energy-efficient technologies, practices and processes for employment by existing or new sectors or sub-sectors. All fields and flagship programmes include a key element of research and development, data collection and analysis tools in their respective areas. 
 
Adaptation efforts are prioritised, acknowledging the vulnerability of the country. Adaptation efforts will require: early warning and forecasting for disaster risk reduction; medium-term (decade-scale) climate forecasting to identify potential resource challenges well in advance; and long-term climate projections that define the range of future climate conditions. Adaptation strategies are to be integrated into sectoral plans, including: The National Water Resource Strategy, as well as reconciliation strategies for particular catchments and water supply systems; The Strategic Plan for South African Agriculture; The National Biodiversity Strategy and Action Plan, as well as provincial biodiversity sector plans and local bioregional plans; The Department of Health Strategic Plan; The Comprehensive Plan for the Development of Sustainable Human Settlements; and the National Framework for Disaster Risk Management. 
 
In order to monitor success of measures, South Africa will, within two years of the publication of the policy, design and publish a draft Climate Change Response Measurement and Evaluation System.",ZAF,South Africa,2011,"['drought', 'erosion', 'flood', 'sea_level_rise', 'temperature_extremes', 'wildfire']",CCLW
Turkey's National Climate Change Adaptation Strategy and Action Plan,"This strategy provides Turkey with guidelines, framework goals and sectoral targets to pursue climate change adaptation. It focuses in particular on water resources management, agriculture and food security, ecosystem services, natural disaster risk management, public health and cross cutting issues.",TUR,Türkiye,2011,"['drought', 'erosion', 'melting', 'other', 'sea_level_rise', 'storm', 'temperature_extremes', 'wildfire']",CCLW
The Law On Regulating Forest Affairs 2011,"The Law on Regulating Forest Affairs aims to ensure a sustainable management and regulation of forest resources.  The law objectives are the following; 1) sustaining and promoting to the maximum the production level from the forests and keeping a balance between the growth and exploitation; 2) bringing appropriate changes to the climate and beautification of the surroundings; 3) preventing the pollution of the environment, 4) restraining the velocity of winds and thus preventing their undesired impacts; 5) protecting the lakes, reservoirs and dams from being inundated with sand and soil, 6) preventing the wind and water erosion of the soil, etc.",AFG,Afghanistan,2011,"['erosion', 'flood', 'other']",CCLW
National Disaster Risk Reduction and Management Plan 2011-2018,"The National Disaster Risk Reduction Management Plan (DRRM Plan) serves as the national guide on how sustainable development can be achieved through inclusive growth while building the adaptative capacities of communities, increasing the resilience of vulnerable sectors and optimizing disaster mitigation opportunities.  The DRRM plan focusses on the following areas: 1) Disaster Prevention and Mitigation; 2) Disaster Preparadness; 3) Disaster Response; 4) DIsaster Recovery and Rehabilitation. Eache area has its own long term goal.",PHL,Philippines,2011,"['drought', 'erosion', 'flood', 'other']",CCLW
Egypt's National Strategy for Disaster Risk Reduction,"The overarching goal of this Strategy is to increase Egypt's flexibility in dealing with climate change risks and disasters as well as the Egyptian Community's 'ability to absorb, contain, and reduce such risks and disasters' across different sectors.    The Strategy evaluates the current situation and risks across key sectors, in particular the intersection of coastal zones with water resources and irrigation, agriculture, health, urban areas, housing, roads, and tourism. It recommends (i) the integration of sector specific adaptation plans with each five-year plan and national development programmes; (ii) enhancing community participation and building a 'Safety First' culture; (iii) promoting regional and international co-operation; and (iv) engaging in continuous monitoring of progress.    The Strategy identifies seven determinants of success in adapting to climate change risks: (i) political will at all levels, (ii) availability of human, financial, and natural resources, (iii) reform and adjustments of institutional frameworks, (iv) amendments to legislation and laws, (v) strengthening the National Information Exchange System, (vi) identification and monitoring, assessment, and follow-up of performance indicators, and (vii) development of a national model for social and economic analysis and projections.    The specific framework for adaptation outlined in this Strategy is divided into four phases of execution consisting of four five-year plans. Key proposed operational measures for the first five-year plan include: developing a GIS monitoring database on coastal zones, developing a Regional Climate Model (RCM), studying the effectiveness of natural protection systems such as dunes, formulating national legislation to enable climate change risk reduction, developing additional regulations for coastal development, and enhancing partnerships between the public and private sector.    Further outlines total estimated investment costs over 20 years by sector and specific operational measure. The total estimated cost across all sectors is calculated to be EGP53.07bn (USD7.4bn).",EGY,Egypt,2011,"['drought', 'erosion', 'flood', 'other', 'sea_level_rise', 'temperature_extremes', 'wildfire']",CCLW
National Climate Change Policy 2023,"The mission of this policy is to address climate change issues locally while engaging in the global context. It aims at fostering adaptation and mitigation efforts within the framework of sustainable development. Its core objectives are 1) Sensitize and make aware the communities periodically on the country's vulnerability to climate change, 2) Take adaptive measures to avoid/minimize adverse impacts of climate change to the people, their livelihoods and ecosystems, 3) Mitigate greenhouse gas emissions in the path of sustainable development, 4) Promote sustainable consumption and production, 5) Enhance knowledge on the multifaceted issues related to climate change in the society and build their capacity to make prudent choices in decision making, 6) Develop the country's capacity to address the impacts of climate change effectively and efficiently, and 7) Mainstream and integrate climate change issues in the national development process. The policy was updated in November 2023, in broad alignment",LKA,Sri Lanka,2012,"['drought', 'erosion', 'flood', 'other', 'sea_level_rise', 'temperature_extremes']",CCLW
Climate change strategic plan for water resources and meteorology 2013-2017,"The Kingdom of Cambodia is considered one of the most water-abundant countries in the region. But climate change is expected to increase water management challenges, with less rainfall during the dry season and more during the wet season. Subsequently, this document establishes two distinct climate change strategic plans for water resources and for meteorology.Concerning the former, the plan seeks to ensure the sustainable use of water resources in adapting to climate change. Meanwhile, delivering timely and trusted weather and climatic information is the goal of the meteorological element. The plan also addresses cross-sectoral issues between water and climate change, and identifies climate change responses and risks in relation to water resources.",KHM,Cambodia,2012,"['drought', 'flood']",CCLW
National Climate Change Policy 2018-2030,"The National Climate Change Policy is a central policy instrument to protect Fiji's development priorities from current, future and intergenerational climate change risks.  The NCCP articulates national climate adaptation and mitigation objectives and strategies.  The purpose of NCCP is to provide the high-level guidance, principles, institutional architecture and objectives required to establish and support a long-term climate-resilient development.  This document replaces the Climate Change Policy from 2012.",FJI,Fiji,2012,"['drought', 'flood', 'other']",CCLW
Delta Act (on Water Safety and Fresh Water Supply),"Both the National Climate Adaptation Strategy (NAS) and the Delta Programme (DP) agree on climate adaptation goals. Climate adaptation is only partly enshrined in law, namely in the Delta Programme, which is part of the Delta Act (that is posited in the Water Act). The Delta Act is designed to protect the country from risks associated with sea level rise, soil subsidence, drier periods and extreme rainfall. It established the following (so-called 5 Dutch Ds together with the Delta Act): the Delta Programme, Delta Fund, Delta Commissioner, and Delta Decisions.  
 The Delta Programme (DP)  has an overall target for the Netherlands to be ""climate-proof and water robust by 2050"". In order to achieve this is is separated into 3 national sub-programmes focused on water-related risk management: 
 
 DP Flood risk management (DPV)  focuses on proper protection against flooding from the major rivers and sea 
 DP Spatial adaptation (DPRA)  focuses on climate-resilient spatial planning, e.g. protection against heat stress 
 DP Freshwater supply (DPZW)  focuses on issues such as low river discharge, and the growing risk of freshwater shortages in the summer 
 
  The Delta Act stipulates that a Delta Programme is created every year and is presented to the Parliament annually on Prinsjesdag, the state opening of Parliament in September. DP2011 was the first to be created. DP2024, titled ""Now for later"", was presented on Prinsjesdag in September 2023, and centred around . Here, the Delta Commissioner called for better preparation for flooding, drought, and heat, stating that climate change is continuing, and that its effects can already be felt. The Delta Commissioner also shared his concern whether there is enough money set aside in the Delta Fund until 2050 to implement the measures in the national Delta Programme.  
 The Delta Fund  provides the financial foundation to plan and operate the Delta Programme, with the budget allocated by the Cabinet.  
 The Delta Commissioner  is in charge of the Delta Programme. The Commissioner is responsible for  
 
 Making and submitting an annual proposal of the Delta Programme to co-ordinating members and other members of the administration involved with the Programme 
 Promoting consultation with stakeholders (administrative bodies, business community and civil society organisations) and bringing involved parties together horizontally (within the Kingdom) and vertically (between various tiers of government) 
 Monitoring, reporting and advising co-ordinating members and members of administration on the implementation progress of the Delta Programme. 
 The final political responsibility of the Delta Programme lies with the coordinating Minister of the Infrastructure and the Environment, to whom the Delta Commissioner reports",NLD,Netherlands,2012,"['drought', 'flood', 'other', 'sea_level_rise', 'temperature_extremes']",CCLW
Master Plan for Renewable Electricity and Energy Efficiency,The Master Plan for Renewable Electricity and Energy Efficiency outlines the way to generate electricity from renewable energy and to develop an energy efficiency programme.  The purposes of the Master plan are: 1) to outline the technical concepts; 2) to review the economic feasibility; 3) to propose an implementation programme.  The Master plan establishes the following objectives: 1) to provide a reliable and affordable electricity supply; 2) to safeguard Tuvalu from future diesel price shocks; 3) to improve the efficiency of electricity utilisation and further reduce the already low energy consumption per person and per GDP; 4) to reduce Tuvalu's 'carbon footprint' and become and international rode model with regard to climate change mitigation.,TUV,Tuvalu,2012,['flood'],CCLW
National Climate Change Policy,"This document sets out Malawi's core climate change policy principles and objectives. It defines policy priority areas as regard 1) mitigation, 2) adaptation, 3) capacity building, education and awareness, 4) financing mechanisms, 5) institutional coordination, 6) population, 7) research and 8) cross-cutting issues. The overall goal of the Policy is to promote climate change adaptation and mitigation for sustainable livelihoods through measures that increase levels of knowledge and understanding and improve human well-being and social equity, while pursuing economic development thatsignificantly reduces environmental risks and ecological scarcities.",MWI,Malawi,2012,"['drought', 'flood']",CCLW
Te Kaniva: Tuvalu National Climate Change Policy,"Te Kaniva (referring to the traditional travelling method of using stars and daily weather patterns to navigate) outlines the strategic policies for responding to climate change impacts and related disaster risks for the period 2012-2021. It was co-ordinated by the Ministry of Foreign Affairs, Trade, Tourism, Environment and Labour, in collaboration with numerous other government agencies, and with the support of the Secretariat of the Pacific Regional Environment Programme, the Applied Geoscience and Technology Division of Secretariat of the Pacific Community, and the UNDP.    It defines seven thematic goals, each containing detailed strategies and subsequent expected outcomes. The goals are:  - Strengthening adaptation actions to address current and future vulnerabilities;  - Improving understanding and application of climate change data, information and site specific impacts assessment to information adaptation and disaster risk reduction programmes;  - Enhancing governance arrangements and capacity to access and manage climate change and disaster risk management finances;  - Developing and maintaining infrastructures to withstand climate change impacts, climate variability, disaster risks and climate change projection;  - Ensuring energy security and a low carbon future for Tuvalu;  - Planning for effective disaster preparedness, response and recovery; and  - Guaranteeing the security of the people of Tuvalu from the impacts of climate change and the maintenance of national sovereignty.    Specific implementation, monitoring and evaluation arrangements are outlined in the National Strategic Action Plan for Climate Change and Disaster Risk Management (below).",TUV,Tuvalu,2012,"['drought', 'erosion', 'flood', 'other', 'sea_level_rise', 'storm', 'temperature_extremes']",CCLW
National Strategic Action Plan for Climate Change Adaptation and Disaster Risk Management 2012-2016,"NSAP is the implementation plan for Te Kaniva and was also co-ordinated by the Ministry of Foreign Affairs, Trade, Tourism, Environment and Labour. As a five-year action plan, it is intended to be revised at the mid-point of the Te Kaniva period and adjusted accordingly. The NSAP identifies 141 specific actions to meet the seven thematic goals outlined in Te Kaniva, as well as realising the target of 100% electricity generation through renewable energy technologies first outlined in the 2009 National Energy Policy and specifies the responsible agencies and the total expected costs of achieving these actions. The actions include: - Develop nurseries to nurture selected food crop and tree species that are salt and heat tolerant; - Develop legislation for the Meteorological Services; - Conduct training for all eight island Kaupule on integrating climate change and disaster risks into Island Strategic Plans; - Establish building code for climate resilient housing; - Review and/or develop enabling legislation and regulations to promote and enforce energy efficiency and renewable energy opportunities; - Review fire safety in all schools, hospital, power stations, key offices and conduct relevant training on equipment use and maintenance; and - Review and amend Tuvalu's constitution and relevant legislation to address Tuvalu's sovereignty of its EEZ (exclusive economic zone) regardless of projected impacts of climate change. It also recommends a new National Strategic Action Plan Co-ordinating Committee be established to oversee the implementation of the NSAP.",TUV,Tuvalu,2012,"['drought', 'erosion', 'flood', 'other', 'sea_level_rise', 'temperature_extremes', 'wildfire']",CCLW
National Climate Change Strategy 2021-2026,"The National Climate Change Strategy 2021-2026 fully replaces the 2012 version that is described below. The 2012 National Climate Change Strategy aims to enable Tanzania to effectively adapt to climate change and participate in global efforts to mitigate climate change, whilst also achieving sustainable development.    Adaptation strategies are outlined for water resources, coastal and marine environment, forestry, wildlife, agriculture and food security, human health, tourism, energy (hydropower dams), industry, livestock, and fisheries, infrastructure, human settlements and land use. Mitigation is addressed through low-emission energy technologies, policies to conserve energy usage by industries, improved livestock management and food stuffs, greater efficiency in the transport, mining, agriculture and waste management industries, and afforestation and reforestation policies (including REDD+).  Additionally, cross-cutting programmes seek to implement public awareness programmes, establish research capacity and training institutions for climate change. The Strategy's estimated financial requirements are USD750m per year through to 2030, with the funding to come from international and some domestic support. The  National Strategy for Mainstreaming Gender in Climate Change in Tanzania  has also been produced as part of this strategy.",TZA,Tanzania,2012,"['drought', 'erosion', 'flood', 'other', 'sea_level_rise', 'temperature_extremes', 'wildfire']",CCLW
Adaptation to climate change in Switzerland - First part of the Federal Council’s strategy,"This strategy describes the goals, challenges, and fields of action in adapting to climate change on the federal level. Fields of action for adapting to the areas of water management, natural hazard management, agriculture, and forestry to energy, tourism, biodiversity management, health, and spatial development are outlined, along with adaptation goals and ways of achieving these goals. 
 Adaptation measures will be developed in the next step by the departments responsible and presented and coordinated in a joint plan of action -- the second part of the strategy. 
 In Chapter 2, a summary of the most significant challenges in adapting to climate change facing the country at the federal level is presented. A distinction is made between the challenges arising from the effects of climate change and those involved in improving the bases for adapting to climate change. In Chapter 3, super-ordinate goals and principles for adapting to climate change are formulated. Chapter 4 looks at adapting to climate change in the key sectors most affected. For each of these sectors, it identifies important fields of action, frames adaptation goals for the fields of action, and outlines how these goals can be achieved. Chapter 5 gives an overview of the interfaces between the sectors in the adaptation to climate change. Chapter 6 outlines a further course of action. Annex A1 sets out the procedure and methodology adopted in drafting the first part of this strategy. Annex A2 presents a summary of a regional climate scenario for Switzerland and the most significant effects of climate change on Switzerland upon which the adaptation strategy is based.",CHE,Switzerland,2012,"['drought', 'flood', 'melting', 'other', 'temperature_extremes']",CCLW
National Planning Policy Framework,"The National Planning Policy Framework sets out the Government's planning policies for England and how they should be applied in the context of local development plans and planning decisions. The purpose of the planning framework is to contribute to the achievement of sustainable development. One of the planning system's three overarching objectives concerns the protection of the environment and encompasses ""mitigating and adapting to climate change, including moving to a low carbon economy. The framework requires local authorities to adopt development plans which include long-term strategic policies to address climate change. Chapter 14 provides more guidance on meeting the challenge of climate change, flooding, and coastal change. The framework requires plans to take a ""proactive"" approach to climate adaptation and mitigation, shaping places in ways that ""contribute to radical reductions in greenhouse gas emissions, minimise vulnerability and improve resilience. The chapter contains specific provisions on flood risk and coastal management. The chapter also identified a number of ways in which plans should be design to promote low carbon, decentralised energy supply. The policy was updated in July 2021.",GBR,United Kingdom,2012,['flood'],CCLW
Joint National Action Plan for Disaster Risk Management and Climate Change,"Niue's Joint National Action Plan for Disaster Risk Management and Climate Change (JNAP) is an extensive document developed in partnership with Pacific regional organisations. JNAP provides a three year action plan to address existing gaps relating to vulnerability to climate change impacts and disasters. It is designed around five priority actions: 1) Strong and effective institutional basis for disaster risk reduction / climate change adaptation, 2) Strong public awareness and improved understanding of the causes and effects of climate change, climate variability and disaster, 3) Strengthened livelihoods, community resilience, natural resources and assets, 4) Strengthened capacity to adapt renewable energy technologies and improve energy efficiency, and 5) strengthened disaster preparedness for effective response.",NIU,Niue,2012,"['drought', 'erosion', 'flood', 'other', 'sea_level_rise', 'storm']",CCLW
National Climate Change Adaptation Strategy,"The National Strategy for Climate Change and Adaptation was published in May 2012 by the Ministry for Resources and Rural Affairs. It sets out the government's vision on the strategic climate impacts and vulnerability of the water, agriculture, human health and tourism sectors. The document subsequently outlines sectoral action plans to develop Malta's adaptation effort in conjunction with its mitigation targets.   The document strengthens the Malta Resouces Authority (MRA) administrative capabilities and missions. It sets up the Education and Communications Unit within the Climate Change Division of the MRA. The document also highlights the need to increase energy efficiency and conservation in the building sector. It establishes climate change adaptation, including adverse effects on water cycles and temperature intensity, at the core of agriculture policies forward.",MLT,Malta,2012,"['drought', 'erosion', 'flood', 'other', 'temperature_extremes']",CCLW
The National Disaster Management Policy,"This policy establishes the guiding principles for disaster risk management (DRM) in Rwanda by presenting the institutional structures, roles, responsibilities, authorities and key processes to increase the resilience of vulnerable groups to disasters. This documents amends and replaces the 2009 National Disaster Management Policy.The natural hazards in Rwanda identified by the policy are floods, landslides and mudflows, volcanic activity, drought, food security, earthquakes, fires, and epidemics.  The main objectives are 1) to strengthen the legal and institutional framework for the management of disasters, 2) the promotion of disaster awareness, 3) to ensure that institutions and DRM activities are coordinated and are focused to foster partnerships between the government and other stakeholders at all levels (international, regional, sub-regional Eastern African, national and sub-national bodies).",RWA,Rwanda,2012,"['drought', 'flood', 'other', 'wildfire']",CCLW
General Law on Climate Change,"The approval of the GLCC gives certainty and continuity to climate policy in Mexico and sets the country on a path to a low carbon economy. It establishes the basis for the creation of institutions, legal frameworks and financing to move towards a low carbon economy. As a General Law, it specifies the different responsibilities of the Federation, Mexico's pledge under the Copenhagen Accord, in terms of committing the country to an emissions reduction target of 30% below Business As Usual (BAU) by 2020, subject to the availability of financial resources and technology transfer, as well as 50% GHG emissions reduction by 2050 compared to 2000.  The Law transforms the National Institute of Ecology into the National Institute of Ecology and Climate Change (INECC). The INECC will be responsible for compiling the National Emissions Inventory, will collaborate in the development of strategies, plans, programmes, instruments and actions related to sustainable development, the environment and climate change, and will help in the evaluation of national climate change policy. Through the Law, the Inter-ministerial Commission on Climate Change (IMCC), initially created by presidential agreement in 2005, is now formally the institution in charge of co-ordinating climate change government actions and formulating and implementing national adaptation and mitigation policies. The GLCC also establishes the National Climate Change System, formed by the IMCC, the INECC, state and municipal governments and representatives of Congress. Its main responsibility will be to co-ordinate the efforts of the Federal Government, states and municipalities.  Taking into account Mexico's vulnerability to climate impacts, the Law puts a strong emphasis on adaptation measures. The objective is to reduce social and ecosystem vulnerability by strengthening the resilience of natural and human systems to reduce damage and risk. One of the tools to achieve this is the 'Risk Atlas' which includes information about current and future vulnerability scenarios. The GLCC states that the national mitigation policy should include diagnosis, planning, measurement, reporting, verification and assessment of national GHG emissions. The national mitigation strategy will be implemented gradually; initially promoting the strengthening of national capacities and subsequently beginning mitigation activities in the most cost-effective sectors - energy production, transport, agriculture, forests and other land use, waste and industrial processes.  The GLCC also creates a climate change fund, which will channel public, private, national and international funding projects that simultaneously contribute to adaptation and mitigation actions, such as supporting state-level actions, research and innovation projects, technological development and transfer, and the purchase of Certified Emissions Reductions (CERs). The Law establishes a voluntary market for emissions trading to promote GHG reductions in a cost-effective, verifiable, measurable and reportable manner. The National Climate Change Policy, the Special Programme on Climate Change, and the Special Programme on the Use of Renewable Energy lay down details for the implementation of the Law.  The law was amended several times (lastly in 2023), important reforms were made in: 
 
 2014 to establish a tax on fossil fuels; 
 2016 at article 94 to frame a carbon market. Attached  regulation  sets the framework for the accounting of carbon emissions. 
 2018 by  Decree 13/07/2018 , notably to initiate a national market of greenhouse gases emissions and to precise the contribution of Mexico within the scope of the Paris Agreement; and 
 2020 to eliminate the Climate Change Fund. 
 2023 to introduce an obligation to create a ""National Climate Change Vulnerability Atlas"".",MEX,Mexico,2012,"['flood', 'other', 'storm', 'temperature_extremes', 'wildfire']",CCLW
Agreement on the municipalities' finances for 2013 (climate adaptation),"On June 10, 2012, the government and the Municipality of Copenhagen reached an agreement on the municipalities' finances for 2013. 
 The agreement establishes an ambitious effort to address climate change. The municipalities will increase their investments in climate adaptation of the wastewater sector by DKK 2.5 billion in 2013, which will strengthen the drainage and handling of rainwater. 
 In addition, all Danish municipalities would prepare local climate adaptation plans by the end of 2013. This requirement came after severe cloudbursts and floods, especially in 2011, which focused on the need to protect cities and infrastructure against increasing water levels. The plan is to include a mapping of risks of flooding from rainwater, seawater, watercourses and groundwater and prioritize the efforts. The 2013 agreement marked the beginning of a structured, municipal effort to deal with the consequences of climate change in Denmark.",DNK,Denmark,2012,['flood'],CCLW
National Climate Change Strategy,"The National Climate Change Strategy 2012 (replacing a previous version published in 2008), produced by the National Climate Change Secretariat, provides a comprehensive overview of Singapore's response to climate change. It reiterates the country's pledge, first made in 2009, to reduce emissions by 16% below 2020 business-as-usual levels if there is a legally-binding global agreement in which all countries implement their commitments in good faith. Ahead of this, Singapore has embarked on policies and measures that will reduce its emissions by 7% to 11% below 2020 BAU levels. 
 
The strategy identifies accelerated coastal erosion, higher incidences of intense rain or prolonged drought, biodiversity impacts, and disruption to food and other supplies as potential climate change impacts facing Singapore. It reiterates the country's commitment to a multilateral approach to dealing with climate change, and argues that a global approach will be more conducive towards Singapore's long-term growth and development. It highlights Singapore's position on a global climate agreement as one that supports the UN model of common but differentiated responsibilities and respective capabilities. 
 
The strategy outlines three key principles that guide Singapore's response to climate change: 
- Long-term and integrated planning; 
- Pragmatically and economically sound measures; and 
- Developing innovative solutions for Singapore and global markets. 
 
It also identifies four main approaches that Singapore will follow in addressing climate change: 
- Reducing carbon emissions in all sectors; 
- Being ready to adapt to the effects of climate change; 
- Harnessing green growth opportunities; and 
- Forging partnerships (e.g. with international and regional bodies). 
 
The document contains chapters on the importance of climate change and Singapore's national circumstances and constraints, as well as detailed chapters on both mitigation and adaptation plans and policies.In terms of mitigation, energy efficiency is the country's core strategy (given the country's limited access to renewable energy opportunities). Specific identified strategies to reduce emissions across different sectors include: 
- Power generation: switching fuel mix away from fuel oil to natural gas; 
- Water: incinerate sludge rather than dispose in landfills; 
- Households: extend minimum energy performance standards to lighting and other appliances; 
- Buildings: require Green Mark certification for all new buildings; 
- Transport: implement carbon emissions-based vehicle scheme to encourage purchase of low carbon emission cars; and 
- Industry: develop and support energy efficiency financing pilot schemes. 
 
The strategy identifies coastline protection, addressing flood risks, and managing water resources as the three key adaptation priorities of Singapore, and also focuses heavily on green growth as a development model. Finally, it outlines the various local and international partnerships (e.g. with other countries/cities) that Singapore is engaged in.",SGP,Singapore,2012,"['drought', 'flood', 'other', 'sea_level_rise']",CCLW
National Water Policy,"The policy seeks to provide a plan for sustainable water management in Zimbabwe. It recognises that climate change is a significant factor in achieving sustainable water use and sanitation for the Zimbabwean population. To that end, the policy provides that the different government institutions working on water management must integrate climate change into all water resource planning and design activities. It further provides that government programming and interventions on water, sanitation, and hygiene should be based on relevant global treaties, technologies, and practices that recognise climate change.",ZWE,Zimbabwe,2012,"['drought', 'erosion', 'flood']",CCLW
National Plan for Climate Change Adaptation (2016),"The PNACC 2016 outlines the country's strategy to adapt to the impacts of climate change. It focuses on increasing resilience across key sectors such as agriculture, water, health, biodiversity, and infrastructure. The plan identifies regional vulnerabilities and aims to integrate adaptation into national, regional, and local policy frameworks. It establishes clear action lines for improving governance, enhancing climate data collection, and fostering sustainable development. 
 The plan identifies priority action lines for adaptation, including measures to: 
 
 Improve the resilience of key sectors. 
 Strengthen governance and institutions. 
 Promote sustainable land management and biodiversity conservation. 
 Implement risk management strategies. 
 Enhance capacity building and knowledge sharing across all levels of society. 
 
 The PNACC 2016 replaces the previous version issued in 2012.",COL,Colombia,2012,"['drought', 'erosion', 'flood', 'other', 'temperature_extremes', 'wildfire']",CCLW
National Climate Change Policy,"The Policy identifies vulnerabilities to climate change in the sectors of water resources, agriculture, forestry, coastal areas, biodiversity and vulnerable ecosystems and spells out the appropriate adaptation measures to be adopted. It also puts forward appropriate measures concerning disaster preparedness, capacity building, institutional strengthening, technology transfer and international cooperation. The Policy provides a comprehensive framework for the National Action Plan for adaptation and mitigation. The objectives of the new policy are to pursue sustainable economic growth with a series of measures that appropriately address the challenges of climate change. These measures should integrate climate change policy with interrelated national policies. It is intended that policies should focus on pro-poor and gender-sensitive adaptation while also promoting mitigation. There is an explicit acknowledgement of the risks posed to water, food and energy security posed by climate change; and the need to minimise the risks from the increased frequency and intensity of events like floods and droughts. The policy seeks international finance to support the development required to meet these numerous challenges. However, in addition to directly seeking finance, the policy seeks to create economic incentives to encourage public and private sector investment in adaptation measures and the promotion of conservation of natural resources and long-term sustainability. All relevant ministries, departments and agencies will have to devise their own plans and programmes to implement policy provisions relating to their sectors. Similarly, the lower levels of government, provincial governments; the regions of Azad Jammu and Kashmir and Gilgit Baltistan; federally administrated territories and local governments are expected to establish their own strategies, plans and programmes for NCCP implementation.",PAK,Pakistan,2012,"['drought', 'erosion', 'flood', 'melting', 'other', 'sea_level_rise', 'storm', 'temperature_extremes', 'wildfire']",CCLW
National Climate Change Adaptation Strategy,"The National Climate Change Adaptation Strategy (NCCAS) was released by a joint venture between UNEP/UNDP supported by the Danish Ministry of Foreign affairs. The document outlines strategies to increase climate resilience, decrease vulnerability of population, deepen awareness, draw from funding opportunities, and facilitate mainstreaming of disaster risk reduction to national development frameworks.It proposes to build capacity in the area of infrastructure, knowledge to deal with climate change impacts and reduce vulnerability in key sectors, ecosystems, districts and regions of the country. The National Climate Change Committee within the EPA (in MEST) is mandated to serve as the implementation agency of the NCCAS with the sub-national level institutions. It mandates town and area councils and unit committees to prepare their own climate change adaptation plans and submit to the District Assemblies to be incorporated into District Plans. It establishes regional co-ordination councils and proposes to link their work with that of the existing disaster management platforms.    Its key principles are: Adaptation policies to be addressed as part of national development policy framework Stake holder participation Promotion of sustainable development and poverty reduction Long term impacts as the principle means for adaptation Gender sensitivity Flexible and iterative Cross-sectoral integration but not sector wide Implementation- learning by doing    The strategy proposes early warning systems, focus on poor and vulnerable, improved land use management, improving research and awareness, stress on environmental sanitation, managing water resources, agricultural diversification, improved access to healthcare, and enhanced fisheries resource management.",GHA,Ghana,2012,"['drought', 'erosion', 'flood', 'other', 'sea_level_rise', 'storm', 'temperature_extremes', 'wildfire']",CCLW
India's human resource plan for disaster management capacity building,"A framework in which the Indian government has laid out an action plan for reducing the country's vulnerability to potential hazards that are relevant to India, including: environmental disasters such as earthquake, landslide, flood, drought, cyclone, cold wave, heat wave, chemical disaster, fire, and epidemics.",IND,India,2013,"['drought', 'flood', 'other', 'storm', 'temperature_extremes']",CCLW
Climate Change Strategic Plan for Disaster Management Sector 2014-2018,"The Strategic Plan on Climate Change for the Disaster Management Sector has a very close relationship with training programs that strengthen resilience to climate change:  1) prepare training plans to strengthen capacities at the national and local level in order to promote awareness of hazards, vulnerabilities and capacities in mitigating impacts of climate change;  2) contribute to sharing knowledge and public awareness of resilience capacity to Climate Change Adaptation (CCA) and DRR (Disaster Risk Reduction);  3) contribute to achieving the government's development plan in a sustainable manner, in particular, poverty reduction.  The Strategic Plan's specific purposes are : 1) to promote the relationship between DRR and CCA; 2) to promote attention on disaster risk management by focusing on vulnerabilities, poverty and the causes of disasters; 3) to show the benefits of promoting capacities in adapting to climate change; 4) to promote management of unprecedented events and the uncertainty of climate change.",KHM,Cambodia,2013,"['drought', 'flood', 'storm']",CCLW
"National Climate Change Strategy and Action Plan, 2013-2020","Namibia's National Climate Change Strategy and Action Plan, 2013-2020 (NCCSAP) proposes policy action in three main components: adaptation, mitigation, and cross-cutting issues. Among each of these, the NCCSAP incorporates seven guiding principles: mainstreaming, sustainability, stakeholder participation, awareness, human rights and equity, addressing adaptation and mitigation together, and public-private partnerships. The mitigation component consists of reducing emissions from the power and transport sectors by encouraging fuel efficiency and renewable energy development. The adaptation component consists of reducing vulnerability of Namibia's food and water supply, public health, and infrastructure systems. The cross-cutting issues component consists of strengthening institutional capacity, research and development, public awareness, disaster risk management and reduction, financial resource mobilization, international cooperation, legislative development, and gender and youth equity.",NAM,Namibia,2013,"['drought', 'flood', 'other', 'sea_level_rise', 'temperature_extremes']",CCLW
"White Paper on Climate Change Adaptation, Meld St. 33 (2012-2013)","The White Paper states that everyone is responsible for climate change adaptation - individuals, business and industry and the authorities. It provides an account of what Norwegian authorities are doing to enable everyone to assume responsibility for climate change adaptation as effectively as possible, and establish a common framework for climate change adaptation across sectors and administrative levels.    The White Paper states that projections on future climate and knowledge are essential for effective climate change adaptation. Adaptation work must always be based on the best available knowledge about climate change and how changes can be addressed. The government intends to ensure that the knowledge base for climate change adaptation is strengthened through closer monitoring of climate change, continued expansion of climate change research and the development of a national centre for climate services.    According to the White Paper, adaptation policies and measures should build on the best available knowledge. Thus, the government plans for regular assessments of vulnerability and adaptation needs in Norway. Such assessments will be made if substantial new knowledge is available, related e.g. to the release of the assessment reports of the IPCC.",NOR,Norway,2013,"['drought', 'flood', 'other']",CCLW
National Strategy and Action Plan on Climate Change,"The National Policy on Climate Change was drawn up in 2012 and is intended to be a reference framework for the integration of climate change in all sectors of the socio-economic life of the country. The Government's vision for combating climate change is as follows: ""A State that promotes development that is resilient to the harmful effects of climate change"". This strategy operationalizes this National Policy on climate change. It provides a solution to the constraints of coordinating interventions for climate change mitigation / adaptation by proposing an institutional framework as well as a strategy for mobilizing adequate funding to guarantee the implementation of the proposed programs and therefore long-term adaptation. term of Burundi to the adverse effects of climate change.",BDI,Burundi,2013,['erosion'],CCLW
Law no. 006-2013 (on the Code for the Environment),"The Code for the Environment sets the basic rules that govern the environment in Burkina Faso. Title II of the law focuses on climate change, the maintenance of ecological balances and improving the living environment. Article 17 stipulates that the government must take action on the adverse effects of climate change. Article 24 states that the government must take the necessary measures to adapt the occupation of the national territory to the requirements of climate change, the maintenance of ecological balances and the improvement of the living environment.",BFA,Burkina Faso,2013,"['drought', 'flood', 'temperature_extremes', 'wildfire']",CCLW
Alternative Renewable Energy Policy 2013,"This Alternative Renewable Energy Policy aims to promote the following clean technologies: solar (PV and thermal), wind, bio-energy, geo-thermal, pico/micro/mini/small hydro and waste to energy.  This Policy covers the following areas of interventions: stand-alone systems, Decentralized Distributed Generation (DDG) systems, Grid-connected systems, and Fossil fuel substitution through green energy sources like bio-fuels, electric and hybrid vehicles.",BTN,Bhutan,2013,['other'],CCLW
National Framework for Climate Change and Climate Change Adaptation,"This framework is primarily designed to tackle three issues that Kiribati face: rising sea levels, increasing sea - surface temperatures and changes to weather patterns. The framework focuses on mitigation efforts, integration of mitigation and adaptation efforts into national planning and institutional capacity, external financial and technical assistance, population and resettlement, governance and services, and survivability and self-reliance.",KIR,Kiribati,2013,"['drought', 'other', 'sea_level_rise', 'storm']",CCLW
The National Climate Change Strategy (NCCS),"The National Climate Change Strategy aims to enhance the financial and institutional resources to reduce economic and social impact of climate change.   The Strategy is structured around three core areas of action. To tackle losses generated by climate change, the Strategy first proposes strong participation on international climate negotiations and financial compensation to people and businesses that suffered from climate related disasters. Second, the Strategy outlines that adaptation measures should address urban and coastal changes, the recovery of critical ecosystems and rural landscapes, as well as sectoral adaptation strategies. The third focal area of the NCCS is the development of a mitigation programme that is associated with the national agenda for social and economic development, including the development of a low-carbon economy.    The Inter-American Development Bank is currently supporting the implementation of the NCCS.",SLV,El Salvador,2013,"['drought', 'erosion', 'flood', 'other', 'sea_level_rise', 'storm']",CCLW
United States of America: The President's climate action plan,"This broad-based plan focuses on cutting the carbon pollution that causes climate change and affects public health.
It has three key pillars:

Cut carbon pollution in America: the plan (i) directs EPA to work closely with stakeholders to establish carbon pollution standards for both new and existing power plants; (ii) provides for loan guarantees for investments in innovative technologies; (iii) includes provisions for expanding on renewable energy projects; (iii) expands the President's Better Building Challenge; (iv) sets a goal to reduce carbon pollution by at least 3 billion metric tons cumulatively by 2030; among other measures.
Prepare the United States for the impacts of climate change: The plan (i) directs agencies to support local climate-resilient investment by removing barriers or counterproductive policies and modernizing programs; and establishes a short-term task force of state, local, and tribal officials to advise on key actions the Federal government can take to help strengthen communities on the ground; (ii) pilots innovative strategies in the Hurricane Sandy-affected region to strengthen communities against future extreme weather and other climate impacts; and building on a new, consistent flood risk reduction standard established for the Sandy-affected region, agencies will update flood-risk reduction standards for all federally funded projects; (iii) launches an effort to create sustainable and resilient hospitals in the face of climate change through a public-private partnership with the healthcare industry; (iv) maintains agricultural productivity by delivering tailored, science-based knowledge to farmers, ranchers, and landowners; and helps communities prepare for drought and wildfire by launching a National Drought Resilience Partnership and by expanding and prioritizing forest- and rangeland- restoration efforts to make areas less vulnerable to catastrophic fire; and (v) provides climate preparedness tools and information needed by state, local, and private-sector leaders through a centralized ""toolkit"" and a new Climate Data Initiative.
Lead international efforts to combat global climate change and prepare for its impacts: one of the objectives is to strengthen global resilience to climate change by expanding government and local community planning and response capacities.",USA,United States,2013,"['drought', 'flood', 'wildfire']",CCLW
National Adaptation Programme (last version covering 2018-2023),"The National Adaptation Programme (NAP) document - covering England only - sets out a register of actions agreed under the programme, aligns actions being taken with the risks identified in the 2012 Climate Change Risk Assessment (CCRA), and establishes timeframes for actions according to different themes.    The NAP sets out actions according to six themes:  - Built environment  - Infrastructure  - Healthy and resilient communities  - Agriculture and forestry  - Natural environment  - Business and local government.    The NAP identifies actions to be taken by the government, as well as by local governments, the private sector and civil society. The NAP focuses on particular areas of particular importance, guided by the CCRA's assessment of the magnitude, confidence and urgency scores assigned to particular risks.    The NAP also sets out four overarching objectives to address the greatest risks and opportunities arising due to climate change:  - Increasing awareness  - Increasing resilience to current extremes  - Taking timely action for long-lead time measures  - Addressing major evidence gaps.    On July 19th, 2018, a second version of the National Adaptation Programme was released. This version covers the period 2018-2023.",GBR,United Kingdom,2013,"['drought', 'erosion', 'flood', 'other', 'sea_level_rise', 'storm', 'temperature_extremes', 'wildfire']",CCLW
The National Climate Change Strategy (2013-2020),"The National Climate Change Strategy establishes the national priorities on mitigation and adaptation across identified priority sectors. This document establishes the post Kyoto objectives, targets and actions for, mitigation and adaptation.

It proposes combined responsibility for central and local government for developing measures at sectoral level under guidance of Ministry of Environment and Climate Change and in collaboration with other national and international actors. The strategy calls for sectoral development of measures and targets.",ROU,Romania,2013,"['drought', 'flood', 'other', 'temperature_extremes', 'wildfire']",CCLW
United Kingdom national adaptation programme: Making the country resilient to a changing climate,"This report outlines the steps government, businesses and communities are already taking to address the most severe and urgent threats of climate change, as identified by Defra last year in its Climate Change Risk Assessment. It identifies the major threats to the UK which require targeted adaptation responses across six sectors: (i) built environment, which addresses flood and coastal erosion; (ii) infrastructure; (iii) healthy and resilient communities; (iv) agriculture and forestry; (v) natural environment; and (vi) business. It also considers raising awareness, building capacity and making the case for local government action and proposes a framework for action.",GBR,United Kingdom,2013,['flood'],CCLW
National Disaster Risk Management Plan,"This National Disaster Risk Management Plan is the guiding document for addressing disaster risk management in Rwanda. The document pursues the mission and goals of disaster management laid down by the National Disaster Management Policy 2012. The plan is to be used by all government and non-government sectors as the basis for developing their own sub-plans, systems and arrangements (health, transport, agriculture, and public works).  Main goals are 1) to strengthen the institutional capacity of MIDIMAR and its stakeholders to effectively implement disaster management programmes, 2) to create a programming framework incorporating Government, Agencies and Departments, Non-Governmental Organizations and the private sector in Rwanda, 3) mitigation of the impact of disasters on livelihoods, property, the environment and economic activity, 4) to perform research that will support an implementation of the plan and upgrading the scope of the plan to respond to the changing risk environment.",RWA,Rwanda,2013,"['drought', 'flood', 'other', 'wildfire']",CCLW
"Framework law to regulate reduction of vulnerability, mandatory adaptation to the effects of climate change, and the mitigation of greenhouse gas effects (Decree of the Congress 7-2013)","The primary objective of the law is to provide an immediate and co-ordinated response to climate change, in part through the establishment of the National Council of Climate Change presided over by the President of the Republic, and the development of a national adaptation and mitigation plan, as well as institutional adaptation and mitigation strategies in all public institutions. The law also delegates responsibility to the various governmental agencies to develop and implement climate change policies within specific areas that will ultimately address: carbon emissions generated by land use and the energy sector; the creation of a carbon market; increasing public awareness and participation; public financing; and development of climate-related policies.    It further establishes the national climate change information system and the national climate change fund to finance projects that address risk management, adaptation and/or mitigation (with 80% of the fund dedicated to risk and vulnerability management and adaptation). The law finally asks the government to adopt regulation of carbon emissions from public and private activities in the transport sector. It also evokes the creation of a national energy plan that focuses on the development of renewable energy.",GTM,Guatemala,2013,"['drought', 'other', 'wildfire']",CCLW
"National policy for forests, protected areas and wildlife 2013-2022",This document was approved by agreement 013A/2013 of the executive director of the National Institute for Conservation and Development of Protected Forested Areas and Forestry Life. It notably seeks to protect the country's forests from climate risks and enhance mitigation capabilities.,HND,Honduras,2013,['drought'],CCLW
"National Climate Agenda: Resilient, Prosperous and Green","The Climate Agenda for 2030 outlines a climate approach focused on assembling a broadly-based coalition for climate measures and on a combined approach to climate adaptation (by designing a resilient physical environment and preparing society for the consequences of climate change) and mitigation (by reducing greenhouse gas emissions).    It reaffirms the Dutch commitment to achieve a CO2 reduction of 80% to 95% by 2050 compared to 1990, and the need to strengthen action on climate mitigation and adaptation. The Climate Agenda confirmed the government's support for a European GHG emissions reduction objective of at least 40% below 1990 levels by 2030, low-carbon technology innovation and reform of the EU ETS to match the pathway of the EU low-carbon roadmap    The Climate Agenda builds on the 2011 Climate Letter and the 2013 Energy Agreement, but takes a longer-term view as to measures for achieving the 2050 emissions reduction objectives.    It includes a new agenda for research and innovation, outlining the steps that must be taken in the period between 2020 and 2030. Matters of equal importance are how the ETS instrument will improve and expand, the role that emissions standards can play, the innovation push and steps necessary in relation to pricing and fiscal greening.",NLD,Netherlands,2013,['flood'],CCLW
Polish National Strategy for Adaptation to Climate Change by 2020 with the prospects until 2030 (SAP 2020),"The SAP 2020 foresees mainstreaming the adaptation programme into sectoral policies, primarily those related to agriculture and forestry, biodiversity, ecosystems and water resources, coastal zones, infrastructure and, subsequently, the preparation of a draft programme for their implementation.  The Strategy presents an analysis of current climate change and the development of future change scenarios for Poland up to the end of the 21st century. It also assesses the impact of expected change in the socioeconomic area, and the vulnerability of various sectors of the economy.  The implementation of the SAP 2020 involves 3 stages: the elaboration of the Strategic Adaptation Plan taking into account climate change in the reference period of 1971-2000; the preparation of the Strategic Adaptation Plan for a long-term period, taking into account expected climate change up until 2070-2100; and cost estimation.",POL,Poland,2013,"['drought', 'erosion', 'flood', 'other', 'sea_level_rise', 'temperature_extremes', 'wildfire']",CCLW
The National Strategy for Climate Change Adaptation,"On 10 May 2022, the Chinese government published a Notice requiring relevant public authorities (provinces, autonomous regions, and municipalities) to implement the 2035 National Adaptation Strategy on Climate Change. The Strategy was prepared and jointly issued by 17 departments, including the Ministry of Ecology and Environment, the National Development and Reform Commission, and the Ministry of Science and Technology. This Strategy updates a previously issued 2013 National Adaptation Strategy on Climate Change. The 2035 Adaptation Strategy sets out high-level principles and objectives. For example, by 2035, China aims for its climate change monitoring and early warning capabilities to reach an advanced level internationally, for its risk management and prevention systems to be mature and the risk of major climate-disasters to be effectively prevented and controlled. According to a June press release from the Government, compared with the 2013 Strategy, the 2035 Strategy has four main characteristics: (1) a stronger emphasis on monitoring, early warning, risk management and disaster prevention systems; (2) clarify adaptation priorities in key areas like water resources, agriculture and food security, health etc.; (3) construct a multi-level regional approach for adaptation; and focus more on building departmental coordination, financial support, scientific and technological support, capacity-building, international cooperation and other measures.",CHN,China,2013,"['drought', 'erosion', 'flood', 'other', 'sea_level_rise', 'storm', 'temperature_extremes']",CCLW
Framework For Implementation of Climate Change Policy 2014-2030,The Framework for Implementation of Climate Change Policy is a broad document which details the implementation of the Climate Change Policy with time limits in the different sectors concerned.,PAK,Pakistan,2013,"['drought', 'flood', 'other']",CCLW
Disaster management strategy (2014-2017),"The strategy is developed by the Ministry of Rural Rehabilitation and Development (MRRD) for the next four years (2014–2018). It focusses on institutional mainstreaming, capacity development, knowledge management and key activies for disaster management.  The strategy aims to expand co-ordination and collaboration within Ministry of Rural Rehabilitation and Development (MRRD) programmes to improve cohesiveness, and reducing or removing duplication of efforts amongst internal and external stakeholders.  The main objectives are: 1) to institutionalise and integrate risk reduction systems in MRRD's development Programmes; 2) Addressing the social and economic marginalisation of those more vulnerable to disasters; 3) to address disaster recovery need of the community and ensure emergency response and immediate relief with MRRD programmes.",AFG,Afghanistan,2014,"['drought', 'flood', 'other']",CCLW
National Agroforestry Policy 2014,"The National Agroforestry Policy establishes the framework of a focused national policy and a suitable institutional mechanism for the country.  The major policy goals are: 1) setting up a National Agroforestry Mission or an Agroforestry Board to implement the National Policy by bringing coordination among various elements of agroforestry scattered in various existing missions, programmes, schemes and agencies pertaining to agriculture, environment, forestry, and rural development sectors of the Government; 2) improving the productivity; employment, income and livelihood opportunities of rural households, especially of the smallholder farmers through agroforestry; 3) meeting increasing demand of timber, food, fuel, fodder, fertilizer,fibre, and other agroforestry products; 4) conserving the natural resources and forest; 5) protecting the environment and providing environmental security; 6) increasing the forest / tree cover.",IND,India,2014,"['drought', 'flood', 'other']",CCLW
National Climate Change Action Plan for Public Health (2014-2018),The National Climate Change Action Plan for Public Health (NCCAPPH) provides a set of specific actions and measures in response to the climate change risks and impacts on the public health of the Cambodian population.  The plan establishes the following strategies and actions: 1) to increase resilience capacity of the population in combating vector-borne and water borne diseases arising from climate change; 2) to reduce impacts of extreme weathers and disasters through better emergency preparedness and response plans; 3) to build knowledge of the population and health personnel to cope with climate change impacts.,KHM,Cambodia,2014,"['drought', 'flood', 'storm']",CCLW
Technology Needs Assessment and Technology Action Plans for Climate Change Mitigation,"The Climate Change Technology Needs Assessment (TNA) Plans for Mitigation identify environmentally sound technologies that have synergy between reducing the impact of climate change and the rate of GHG emissions in Sri Lanka within the national development objectives. The priority sectors identified for mitigation are Energy, Transport and Industry, the sectors with high GHG emission reduction potentials. The objectives of the TNA are: 1) to define priority sectors for which technologies are needed to sustain national development projects and programmes in light of the potential impacts of climate change; 2) to identify suitable technologies that contribute to climate change adaptation in the relevant sectors; 3) to prioritise the identified technologies, their cost‐effectiveness and barriers to implementation; 4) to identify the barriers and develop an enabling framework for the development and diffusion of prioritized technologies for relevant sectors; 5) to develop technology action plans and project ideas for priority technologies for relevant sectors to mobilize resources for implementation of the programme.",LKA,Sri Lanka,2014,"['drought', 'erosion', 'flood']",CCLW
Joint National Action Plan for Climate Change Adaptation & Disaster Risk Management 2014 - 2018,"The Joint National Action Plan (JNAP) provides a detailed strategy for addressing climate-related risk. The JNAP is an updated document of the Disaster Risk Management National Action Plan. The JNAP aims at 1) enhance coordination of action targeting disaster risk management and climate change adaptation, 2) public education and awareness, 3) better emergency preparedness at all levels, 4) improved and low-carbon energy security, 5) better local livelihoods and community resilience, and 6) integrated approach to development planning.",MHL,Marshall Islands,2014,"['drought', 'erosion', 'flood', 'other', 'sea_level_rise', 'storm', 'wildfire']",CCLW
Kiribati Joint Implementation Plans for Climate Change and Disaster Risk Management 2014-2023 and 2019-2028,"The Kiribati joint Implementation Plan For Climate Change and Disaster Risk Management 2019-2028 aims to increase resilience through sustainable climate change adaptation and disaster risk reduction.The KJIP formalises the role of the Kiribati National Expert Group on Climate Change and Disaster Risk Management ( to become the main advisory body and coordination mechanism as well as the entry point for climate change and disaster risk management initiatives. The 2014-2023 document aims at identifying an integrated set of specific actions and measures to increase the country's resilience to climate change and associated risks in different sectors. It is designed to complement the National Disaster Risk Management Plan and the National Framework for Climate Change and Climate Change Adaptation. By identifying tangible, on-the-ground actions for resilience and measures that enable the Government to facilitate these, the plan will guide the implementation of these complementary policies in an integrated approach.  The government hopes that such a systematic approach will maximise the efficiency and effectiveness of existing capacities and resources as well as ensuring the success of new initiatives. The specific goals of the policy are: 1) strengthening good governance, policies, strategies and legislation, 2) improving knowledge and information generation, management and sharing, 3) strengthening and greening the private sector, including small-scale business, 4) increasing water and food security with integrated and sector-specific approaches and promoting healthy and resilient ecosystems, 5) strengthening health service delivery to address climate change impacts, 6) promoting sound and reliable infrastructure development and land management, 7) delivering appropriate education, training and awareness programs, 8) increasing effectiveness and efficiency of early warnings and disaster and emergency management, 9) promoting the use of sustainable, renewable sources of energy and energy efficiency, 10) strengthening capacity to access finance, monitor expenditures and maintain strong partnerships, 11) maintaining the existing sovereignty and unique identity of Kiribati, and 12) enhancing the participation and resilience of vulnerable groups. The document further examines administrative and governance factors, as well as financial resources needed for implementing such an approach.",KIR,Kiribati,2014,"['erosion', 'other', 'sea_level_rise', 'storm']",CCLW
Climate Change Action Plan for Water Resources and Meteorology 2014-2017,"The Climate Change Action Plan for Water Resources and Meteorology identifies the priority actions required to tackle key issues as irrigation expansion, flood and drought.  The plan establishes the following actions: 
 
 hydro-meteorology: strengthening climate information and early warning system, capacity building for national and provincial department of water resources on climatic data collection, recording and forecasting, to improve institutional structure and networking with mass media for public weather dissemination, installation of gauging station to monitor seas level rise and wind speed;  
 irrigation related works: climate risk management and rehabilitation of irrigation infrastructure, promote innovated irrigation technology strucuture in areas affected by torrential rain, capacity building and awareness raising in climate change and disaster risk reduction; 
 flood and drought: development and rehabilitation of flood protection dike, improve capacity for flood and drought forecasting and modeling for technical officers, establishment of national forecasting center; 
 sea level rise/saline intrusion: to promote climate resilience of agricuture through building sea dikes in coastal areas, assessment of potential impact of seas level rise.",KHM,Cambodia,2014,"['drought', 'flood', 'sea_level_rise']",CCLW
"National Adaptation Strategy, Resolution of the Slovak Government No. 148/2014","The National Adaptation Strategy contains several objectives, including: dissemination of information and knowledge on the issue of adaptation at all levels of management, as well as for the general public; strengthening of the institutional framework for adaptation processes in the Slovak Republic; developing a comprehensive risk assessment methodology in the context of climate change from the national to the local level; development and application of methodologies for the economic assessment of different adaptation measures (macroeconomic impacts); and the development and implementation of a specific tool for the selection of investment priorities based on an assessment of the cross-sectoral aspects of adaptation measures. 
 The main objective of the updated adaptation strategy (2018) is to increase resilience and improve the preparedness of the Slovak Republic to face the adverse effects of climate change and establish an institutional framework and coordination mechanism to ensure effective implementation of adaptation measures at all levels and in all areas.",SVK,Slovakia,2014,"['drought', 'erosion', 'flood', 'other', 'temperature_extremes', 'wildfire']",CCLW
Climate Change Action Plan for Transport Sector 2014-2018,"The Climate Change Action Plan for Transport Sector (CCAP) identifies the measure that will promote both transport sector development and effective climate change response to be implemented during the five years period (2014-2018) for the sector. The plan has been categorized in two main strategic priorities: to promote climate resilience in the transport infrastructure and promote low-carbon consumption for GHG reduction in transport sector.  The CCAP establishes the following actions : 1) to develop national road construction and maintenance design standards for national and provincial roads, taking into account climate change impact; 2) to repair and rehabilitate existing road infrastructure; 3) capacity-building and institutional strengthening for addressing to climate change impacts; 4) to raise public awareness about climate change caused by GHG emissions from transport sector; 5) to enhance maintenance and inspection of vehicles; 6) to promote integrated public transport systems in main cities; 7) to establish green belts along major roads for climate change mitigation; 8) GHG mitigation for urban transport including mass transit and cycle systems, etc.",KHM,Cambodia,2014,"['flood', 'storm']",CCLW
"Adaptation to Climate Change in Switzerland: Goals, Challenges and Fields of Action (UD-1055-E) (Swiss National Adaptation Strategy: Part I) and Adaptation to Climate Change in Switzerland: Plan of Action 2014-2019 (1081-F) (Swiss National Adaptation Strategy: Part II)","The Swiss National Adaptation Strategy aims to serve as framework for the federal offices to adapt a co-ordinated course of action in response to adverse climate effects. It is spilt into two parts. The Strategy describes the goals, challenges and fields of action in adapting to climate change in Switzerland. The overall goal of the strategy is to seize the opportunities provided by climate change, to minimise climate change related risks and to improve the adaptive capacity of society, the environment and the economy.    The first part examines the climate change impacts and identifies the most important fields of action of adaptation to climate change in the following sectors:  - Natural hazard management  - Water management  - Agriculture  - Forestry  - Energy  - Tourism  - Biodiversity management  - Health  - Spatial development.    The second part of the strategy is an action plan to reach the strategy's goals. These measures are co-ordinated between the federal offices in order to address the challenges posed by climate change, i.e., effects of heat waves in urban areas, droughts, floods, increasing slope instabilities in the Alps, decreasing snow cover, adverse effects on water, soil and air quality, changes in biodiversity, and the potential spreading of invasive species, vermin and infectious diseases. The adaptation measures need to be carefully aligned with other cross-cutting strategies of the Federal Council.    12 cross-sectoral challenges are identified, including:  - Greater heat stress on agglomerations and cities  - Increasing levels of summer drought  - Greater risk of flooding  - Decreasing slope stability and more frequent mass wasting  - Rising snowline  - Impaired water, soil and air quality  - Change in habitats, species, composition and landscapes  - Spread of harmful organisms, diseases and alien species.    Co-ordinated approach includes the following:  - Working with the cantons, cities and municipalities  - In the context of sectoral policies  - Cross-collaboration and coordination  - International cooperation on adaptation to climate change  -International climate negotiations  - Adapting to climate change in Europe  - Collaboration with neighbouring countries.",CHE,Switzerland,2014,"['drought', 'flood', 'melting', 'other', 'temperature_extremes']",CCLW
"Climate Change Priorities Action Plan for Agriculture, Forestry and Fisheries Sector 2014-2018","The Climate Change Priorities Action Plan for Agriculture, Forestry and Fisheries Sector establishes measures to mitigate any negative impacts on agricultural sector, animal production, forestry and fishery caused by climate change and to restore impacted loss through various adaptation and mitigation approaches.  The plan includes the following strategies: 1) to ensure food security and farmers' livelihood improvement through an increase of crop production, agro-industry at 10% per annum by enhancing development of appropriate technology, renewable energy and water utilization; 2) to enhance sustainable natural rubber development by focusing on climate change's adaptation and mitigation measures; 3) to increase sustainable livestock production 3% per year and animal health control, to reduce 1% greenhouse gases emission from animal production after 2015; 4) to enhance sustainable forest management through forestation and reduce emission from forest degradation and deforestation; 5) to enhance management, conservation and development of fishery resource in a sustainable manner through strengthening capacity and taking appropriate actions.",KHM,Cambodia,2014,"['drought', 'flood', 'other']",CCLW
Rural Development Strategy and Action Plan 2019-2023,"The Rural Development Strategy and Action Plan 2019-2023 follows the 2014-2018 Climate Change Action Plan for Rural Development. The vision of the renewed Action Plan is ""to assure high quality of life in rural Cambodia; enabling all citizens to live in a healthy rural environment with nurturing social, economic and cultural conditions. 
 Cambodia is particularly exposed to flooding with loss of rural connectivity. Climate change is a key threat to rural infrastructure and people's wellbeing. The objective of the policy is  
 
 To strengthen institutional and human resource development 
 To increase coverage and resilience of rural infrastructure and quality of rural public services 
 To ensure good quality of life through inclusive social and economic development of the rural areas 
 
 The overall scope of interventions is 
 
 increasing employment opportunities and income generation in rural, family households 
 efficiency toward reduction of poverty in the countryside, 
 tangible diversification of livelihood, farming, fishing, use of forests and other natural resources, 
 fostering community-based vocational training and local handicrafts, 
 promotion of appropriate technology and investment for climate resilience, 
 reliable access to infrastructure and public services in districts, communes, villages; and 
 gender equality as warrant for individual development of Cambodians of both sexes.",KHM,Cambodia,2014,"['drought', 'flood']",CCLW
National Water Basin Management Strategy 2014-2023,"This strategy aims to improve watershed management and biodiversity conservation, by preventing environmental degradation in water catchment basins, promoting effective agricultural practices, and developing a biodiversity monitoring system. It further seeks to integrate climate change mitigation and adaptation strategies in water basin management to increase resilience against climate-change related disasters.",TUR,Türkiye,2014,['flood'],CCLW
"PM Decision 46/2014 providing for Natural Disaster Forecasting, Warning and Communication","The PM Decision No.46/2014 provides for natural disaster forecasting, warning and communication in service of prevention, response and remedy of natural disasters. The natural disasters concerned are storms, tropical depression, floods on the rivers in the territory of Vietnam, earthquakes, tsunamis, heavy rains, flash floods and landslides,etc.",VNM,Vietnam,2014,"['flood', 'other', 'storm']",CCLW
Natural Hazards Compensation Act (No. 59 of 2014),"This law establishes and outlines the details of a compensation scheme for private property loss and damage due to natural disasters. It establishes a Natural Damage Claim Appeals Board to handle all claims and appeals. The law stipulates that claims may be filed for property lost or damaged by landslides, avalanches, storms, floods, storm surges, earthquakes or volcanic eruptions.",NOR,Norway,2014,"['drought', 'erosion', 'flood', 'other', 'sea_level_rise', 'temperature_extremes']",CCLW
Agriculture Climate Resilience Plan 2014 - 2019 ,"The Agriculture Climate Resilience Plan (ACRP) aims to address the most urgent impacts of climate variability and change on the agriculture sector. The ACRP serves as a roadmap for integrating climate change considerations into current agricultural policies, plans, and practices while identifying areas where new investments may be necessary. It provides a guiding framework for a more comprehensive and consistent approach to tackling one of the major risks to current crop productivity and future investments.",TZA,Tanzania,2014,"['drought', 'flood']",CCLW
National Climate Change Adaptation Plan,"The National Climate Change Adaptation Plan provides the overall framework for the coordination of adaptation activities of different sectors and different territorial administrative levels. Its principal objectives are:  1. Establish the conceptual framework for adaptation in Chile.  2. Establish the institutional framework to guarantee implementation of the National Adaptation Plan and sectoral plans.  3. Determine the sectors that require adaptation plans and establish criteria and guidelines for their development and implementation.  4. Define the cross-sector actions necessary for adaptation to climate change.  The Plan has determined a set of eight transversal action directions, grouped under four main themes, that are to be reached through the corresponding measures:  1. Scientific Research Scientific framework on climate change (determine reference scenarios to serve as basis for sectoral adaptation plans; consolidate and maintain a national monitoring network; establish a set of indicators to evaluate the effectiveness of adaptation processes) Promoting scientific research on climate change (foster co-operation with universities and other research institutions; establish a permanent category of climate change investment in public funds supporting R&D) Dissemination of results (create an inter-institutional platform to integrate monitoring results from different institutions).  2. Communication and Environmental Education Define a communication strategy (create a registry of adaptation measures undertaken at the territories and national levels; create an accessible website to share information on climate change adaptation with the public; communicate to the citizens in general as well as specific sectors the risks of climate change impacts; create a logo for the National Adaptation Plan and related activities; communicate through all available means the progress of the adaptation initiatives). Environmental education and awareness (integrate the climate change topic into curricula of primary, secondary and university education; create materials for education of members of civil society organisations)  3. Institutional Strengthening Institutional Strengthening (create a Climate Change Unit in each Ministry to co-ordinate creation, implementation and update of the adaptation plans for their institution; prepare a proposal for institutional strengthening of the climate change legislative framework and for creation of a National Adaptation Fund; develop methodology for integrating climate change risks and possibilities for adaptation in social evaluation of projects) Mainstreaming Climate Change in environmental management at regional and local level.  4. Disaster Risk Reduction (DRR) Information for decision-making in the context of disaster risk management (include in disaster risk maps and in the statistical registry of disasters (under development) information on current and projected extreme weather events related to climate change; develop a programme of activities aimed at strengthening climate resilience to be carried out by public institutions and other interested actors)  The Adaptation Plan further calls for development or update of sectoral adaptation plans, some of which have been already developed following the requirements of the National Climate Change Action Plan 2008-2012. Sectoral adaptation measures have been included among others in the Forestry and Agriculture Sector Climate Change Adaptation Plan (2013), the Biodiversity Climate Change Adaptation Plan (2014). The Fisheries and Aquaculture and the Health Sector Climate Change Adaptation Plans are to be presented in 2015 and the Infrastructure, the Cities, the Energy Sector, the Tourism and the Hydrology Resources Climate Change Adaptation Plans are being developed.",CHL,Chile,2014,"['drought', 'flood', 'other', 'storm']",CCLW
"2015-2020 National Action Plan: Combatting Desertification, Land Degradation & Drought (DLDD)","This Plan considers the impacts of climate change and human activities as key factors behind the occurrence of desertification, and therefore devises a dynamic national DLDD response system which uses available indicators and modern technology as a means of prediction, vulnerability assessment, monitoring and impact assessment. 
 The intended climate-related outcomes include: 
 
 Outcome 1.1: Desertification/land degradation and drought issues and the synergies with climate change adaptation/mitigation and biodiversity conservation are effectively communicated among key constituencies at the international, national and local levels. 
 Outcome 1.2: Desertification/land degradation and drought issues are addressed in relevant international forums, including those pertaining to agricultural trade, climate change adaptation, biodiversity conservation and sustainable use, rural development, sustainable development and poverty reduction. 
 Outcome 2.5: Mutually reinforcing measures among desertification/land degradation action programmes and biodiversity and climate change mitigation and adaptation are introduced or strengthened so as to enhance the impact of interventions. 
 Outcome 3.4: Knowledge of the interactions between climate change adaptation, drought mitigation and restoration of degraded land in affected areas is improved to develop tools to assist decision-making. 
 Outcome 5.4: Innovative sources of finance and financing mechanisms are identified to combat desertification/land degradation and mitigate the effects of drought, including from the private sector, market-based mechanisms, trade, foundations and CSOs, and other financing mechanisms for climate change adaptation and mitigation, biodiversity conservation and sustainable use and for hunger and poverty reduction.",ATG,Antigua and Barbuda,2015,"['drought', 'other']",CCLW
National Energy Policy 2016-2020,"The National Energy Policy sets out principles and strategies to ensure affordable, competitive, sustainable supply of energy to meet national and provincial development needs while protecting the environment.  The principles are: 1) to strengthen institutional capacity and recruit right human capital to manage the energy sector; 2) to develop an integrated planning process for sustainable energy supply and utilization; 3) all energy resources will be developed bu the State for the betterment of all citizens; 4) to promote a conducive environment for long term sustainable economic solutions in the supply of all energy sources; 5) to encourage involvement of the private sector in the development and provision of energy services; 6) to ensure energy resources are developed and delivered in an environmentally sustainable manner; 7) to promote efficient systems and safety in energy supply in all sectors (transport, residential, commercial, industrial and agriculture); 8) to diversify the development and utilisation of energy resources for the nation's well-being and economic prosperity; 9) to promote energy efficiency and conservation measures and wise use of energy.",PNG,Papua New Guinea,2015,"['drought', 'erosion', 'flood', 'other']",CCLW
"Climate Change Action Plan for Ministry of Land Management, Urban Planning and Construction 2015-2018","The Climate Change Action Plan of Land Management creates a national and regulatory framework engaging the public, the private sector, and civil society through participatory process in an integrated land managemet, urban planning which can help to build resilience and sustainability through green infrastructure.  The plan establishes the following key strategies : 1) to promote low-carbon, climate-resilient city development planning and develop city-level coordination mechanisms; 2) to promote land use planning, prioritize adaptation measures for key regions of Cambodia, such as coastal zones, highlands, rural and urban areas; 3) to promote low-carbon planning and technologies to support sustainable development though building code for buildings and infrastructure development; 4) to enhance capacity development for technical staff and awareness raising for rural publics on construction of traditional houses in rural area resilient to extreme climate change such as storms and floods.",KHM,Cambodia,2015,"['flood', 'storm']",CCLW
Climate Change Action Plan for Industry and Handicraft Sectors 2015-2018,The development of Climate Change Action Plan (CCAP 2015-2018) for Ministry of Industry and Handicraft   is the result of commitment and political support from the Royal Government of Cambodia.  Four strategic priorities are considered by the plan : 1) promoting green industry for climate resilient low carbon production in Cambodia; 2) to use of renewable energy and energy diversification including promoting on-site renewable energy captive generation for industrial production processes; 3) to introduce more path-breaking technologies for low-carbon production industries; 4) industrial waste management.,KHM,Cambodia,2015,"['drought', 'flood']",CCLW
Agriculture Development Strategy 2015-2035,"The Agriculture Development Strategy (ADS) provides a guidance for the agricultural sector both production (crops, livestocks,fisheries,forestry) and processing and trade sectors (storage, transport and logistics,finance, marketing).  The ADS establishes the following vision: ""a self-reliant, sustainable, competitive, and inclusive agricultural sector that drives economic growth and contributes to improved livelihoods and food and nutrition security."" The ADS will accelerate agricultural sector growth through four strategic components related to governance, productivity, profitable commercialisation and competitiveness while promoting inclusiveness, sustainability, development of private sector and connectivity to market infrastructure.",NPL,Nepal,2015,"['drought', 'flood', 'other']",CCLW
Climate Change Action Plan for the Tourism Sector 2015-2018,"The Climate Change Action Plan for the Tourism Sector addresses two main aspects of climate change: adaptation and mitigation, given the pivotal role of tourism in adaptation and GHGs mitigation.  The plan establishes the following actions: 1) to re-scale existing and planned actions to take account of their contribution to adaptation and/or mitigation; 2) to modify existing actions through climate proofing and/or by adding mitigation; 3) to develop new climate change actions.",KHM,Cambodia,2015,"['drought', 'flood']",CCLW
Vanuatu Infrastructure Strategic Investment Plan 2015-2024,"The Vanuatu Infrastructure Strategic Investment Plan 2015-2024 (VISIP 2015) sets strategic infrastructure investments for Vanuatu. It suggests how to fund and implement these investments and recommends institutional developments for planning effective and sustainable infrastructure.  The VISIP's strategy is: 1) to update the list of infrastructure projects in the draft infrastructure plan prepared in 2012, but never formally adopted, to include sectoral progress and new policy development since 2012; 2) to recommend prioritising infrastructure projects by their linkages with other governmental policies and strategies; 3) to consider new projects including in the social infrastructure sectors (health, education, justice, internal affairs) that may support sustainable socio-economic development; 4) to recommend how VISIP can become a dynamic infrastructure project pipeline development process rather than just a static list of priority projects.",VUT,Vanuatu,2015,"['drought', 'flood']",CCLW
Palau Climate Change Policy,"Establishes Palau's National Appropriate Mitigation Actions (NAMA) and National Adaptation Plan (NAP) as well as the institutional and policy frameworks for: (a) climate change mitigation via management of greenhouse gas emissions including carbon sinks; and (b) climate change adaptation and risk reduction and management.  Policy objectives include mitigating global climate change by working towards low carbon emission development, maximising energy efficiency, protecting carbon sinks, and minimising greenhouse gas emissions.",PLW,Palau,2015,"['drought', 'erosion', 'other', 'sea_level_rise', 'storm', 'wildfire']",CCLW
"Decree 119/2016/ND-CP and PM Decision 120/2015 on Sustainable Management, Protection and Development of Coastal Forests","The Decree sets out policies to manage, protect and ensure a sustainable development of coastal forests to cope with climate change. The policies are as following: 1) localities have to review and convert the coastal land areas planned for production forests that are eroded or affected by sand to coastal protection forests; 2) localities have to relocate construction works that affect protected coastal forests; 3) investment projects have to respect the regulations of the law on forest protection and development. PM Decision No.120/2015 approved the project on protection and development of coastal forests to cope with climate change in 2014-2020 period. The objectives are the following1) to promote the protection of coastal forests to cope with climate change and rising sea; 2) to alleviate natural disasters, protect sea dikes and infrastructure; 3) to conserve biodiversity; 4) to ensure socio-economic development and reinforce national defense and security.",VNM,Vietnam,2015,"['erosion', 'sea_level_rise']",CCLW
Energy Efficiency and Conservation Master Plan up to 2030,"The Energy Efficiency and Conservation Master Plan (EECMP) is a supreme plan of Bangladesh's initiative on energy efficiency and conservation. Energy efficiency and Conservation (EE&C) potential is defined as a ratio of energy reduction gained by introducing more effective energy management, EE equipment, insulation and solar control for buildings nationwide. EE&C potentials were estimated in the agricultural, industrial, Buildings sectors.  EE&C implementation is a multi-sector issue tackled with the participation of all interested parties including the people and private/public establishments. The EECMP is declined with an action plan containing programs, frameworks and organization structure.",BGD,Bangladesh,2015,"['flood', 'melting', 'other']",CCLW
National Disaster Risk Management Plan 2015,"The National disaster Risk Management Plan (2015) aims to ensure an overall readiness of the national disaster risk management system to deal with potential disaster incidents through integrated cooperation with stakeholders.  The plan has the following objectives: 1) to provide consistent nationwide concept of operations to enable national, local governments and the private sector to collectively implement disaster management activities; 2) to compile the current guidelines used worldwide for disaster risk management that can be applied to disaster risk management in Thai context and to be used in the development of relevant plans at different levels of government; 3) to develop capacities for disaster risk management which encompasses disaster risk reduction, emergency management and building back better and safer at community, local, national and international levels, etc.",LKA,Sri Lanka,2015,"['drought', 'flood']",CCLW
The National Disaster Management Policy (2015-2020),"The 2015-2020 disaster management policy builds on the 2005 policy, and was set out by the government in accordance with the National Disaster Management Act No. 13 of 2010.The objectives of the new policy are to promote sustainable development among vulnerable communities and improve their resilience. Main goals are 1) to develop and implement Disaster Risk Management (DRM) plans, 2)to strengthen horizontal and vertical coordination mechanisms, 3) to develop an integrated disaster risk management information and communication system in order to enhance timely decision making, 4) to establismonitoring and evaluation mechanisms to ensure prudent utilization of resources, 5) to coordinate research and activities relevant to DRM in order to advise the Disaster Management structures at different levels, 6)to provide administrative, logistical and management support services, 7) to put in place appropriate measures to respond to climatic changes such as implementing public educational and information programmes.",ZMB,Zambia,2015,"['drought', 'erosion', 'flood', 'other', 'wildfire']",CCLW
National Climate Change Policy,"As the document outlines, 'the goal of the policy is to ensure a harmonised and co-ordinated approach towards a climate- resilient and low-carbon development path for sustainable development in Uganda'. The policy notes that the level of knowledge on climate change and its impacts remains low in Uganda. Therefore, it seeks to raise awareness of climate change, targeting sectorial weaknesses (to be determined by different governmental agencies and ministries) in the short term but providing information for a wide variety of stakeholders in the long term. 
To this end, the Policy adopts a comprehensive approach to address climate change, identifying as priority concerns: adaptation, mitigation, monitoring, and research. To address these concerns, the Policy promotes the implementation of activities relating to: education and increased awareness; gender issues; promoting and diffusing research; monitoring and transferring knowledge; and institutional capacity building. 
The policy calls for the adoption and implementation of a Transport Policy with emphasis on reducing GHG emissions from this sector, especially through the promotion of the use of less carbon intensive fuels. It also stresses the importance of the implementation of the 2007 Renewable Energy Policy and other measures that promote the use and the production of renewables. 
The adoption of climate change strategies that address the impact of climate change and promote sustainable activities in the sectors of agriculture and livestock, fishery production, water management, forestry, wetland, biodiversity and ecosystem services and tourism are identified are important needs to develop Uganda's approach to adaption to climate change. 
Moreover, the Policy also seeks to implement the basic institutional structure required to finance this awareness raising campaign and to develop a performance measurement framework for each ministry and agency involved. The policy also strengthens the Climate Change Unit, upgrading it to a National Climate Change Commission with a more advanced legal and institutional framework that can co-ordinate climate change policy across sectors and regions. The Policy Committee on Environment is also strengthened to help guide climate change policy implementation. 
As annex to the Climate Change Policy, the Cost Implementation Strategy provides a more detailed account on the implementation of the Policy, including an indicative costing for the programmes and activities to be developed. Thus, according to the document, the total cost for the implementation of the Climate Change Policy is estimated in approximately 3.9 billion dollars over a 15-year period.",UGA,Uganda,2015,"['drought', 'flood', 'other', 'temperature_extremes']",CCLW
Federated States of Micronesia's National Protected Areas Network Policy Framework,"This Policy supports the effective management of sites through marine protected area design, capacity building, setting up state and national level Protected Areas Network mechanisms, and providing sustainable funding to enable communities to lead on conservation and management, as well as developing sustainable livelihoods toward food security and building community resilience. Next to supporting commitments and responsibilities towards biodiversity, this Policy also reflect various other international commitments FSM has made towards the fulfilment of the Rio Conventions including the United Nations Framework Convention on Climate Change, and the United Nations Convention to Combat Desertification.",FSM,"Micronesia, Federated States of",2015,['other'],CCLW
Tonga Strategic Development Framework 2015-2025,"Tonga Strategic Development Framework 2015-2025 (TSDF II) : A more progressive Tonga: Enhancing Our Inheritance, presents the Kingdom's new development framework.  The TSDF II is based on seven National Outcomes: 1) a more inclusive, sustainable and dynamic knowledge-based economy; 2) more inclusive, sustainable and balanced urban and rural development across island groups; 3) a more inclusive, sustainable and empowering human development with gender equality; 4) a more inclusive, sustainable and responsive good-governance with law and order; 5) a more inclusive, sustainable and successful provision and maintenance of infrastructure and technology; 6) a more inclusive, sustainable and effective land administration, environment management, and resilience to climate and risk; 7) a more inclusive, sustainable and consistent advancement of our external interests, security and sovereignty.",TON,Tonga,2015,"['drought', 'flood', 'other']",CCLW
National Climate Change Adaptation Strategy (National Climate Change Plan),"The National Climate Change Adaptation Strategy (ENACC) aims to increase the country's response capacity and reduce vulnerability to climate change by integrating into development planning risk management and control of foreseeable impacts. The document presents the institutional framework, the current public policy instruments, and lines of action grouped into 5 components: research and technological innovation, diffusion of climate change challenges and opportunities, strengthening of environmental governance, mainstreaming of climate change issues, and implementation of risk reduction and adaptation policies. An  implementation plan  was submitted to UNFCCC in 2017.",PRY,Paraguay,2015,"['drought', 'flood', 'other', 'storm', 'temperature_extremes']",CCLW
State policy on Forestry 2016-2030,"The Mongolian State Policy on Forestry (2016-2030) is a national sectoral policy document governing relations in the field of protection, management and restoration of forest resources for human well-being in line with Mongolia's comprehensive economic, social and environmental development policy and green development policy. The purpose of forest policy is to maintain the balance of Mongolia's forest ecosystem, to stop deforestation and degradation, to increase the forest cover area through reforestation and afforestation, and to establish sustainable forest management aimed at proper and sustainable use.",MNG,Mongolia,2015,['other'],CCLW
National Strategy on Adaptation to Climate Change,"The Climate Adaptation Strategy establishes specific objectives to be reached by end of December 2016 and it is to be updated within 5 years.  The National Adaptation Strategy provides an extensive knowledge on past, present and future climate change and on impacts/vulnerabilities to climate change of different sectors, including: water resources; desertification, soil degradation and drought; hydrogeological risks; biodiversity and ecosystems; health; forestry; agriculture, aquaculture, marine fishery; energy; coastal zones; tourism; urban settlements; and critical infrastructures.  The Strategy also provides a national vision on how to address future impacts of climate change in various socio-economic sectors and natural systems and it in particular aims to:   improve current knowledge on climate change and its impacts; identify vulnerabilities and adaptation options for relevant natural and socio-economic systems, and describe opportunities that may be associated to climate change; promote participation of stakeholders in defining strategies and sectoral adaptation plans to make later implementation more effective; increase awareness about climate change risks and adaptation through a range of communication activities; specify methods to be used to identify the best options for adaptation actions, also highlighting the co-benefits.  The Strategy sets the broad adaptation framework, but it is the Action Plan and sectoral plans that are to be adopted by December 2016 will define the timeline, quantifiable objectives and details of implementation.  The National Adaptation Strategy also identifies areas where synergies between climate mitigation and adaptation actions could be exploited, including: energy and green buildings; food production and consumption; forestry and land-use; and water resources.",ITA,Italy,2015,"['drought', 'erosion', 'flood', 'melting', 'other', 'sea_level_rise', 'temperature_extremes']",CCLW
"Resolution of the Council of Ministers no 56/2015, last amended by Resolution 53/2020","This resolution approves the Strategic Framework for Climate Policy (QE-PiC) in Annex I, the National Program for Climate Change 2020/2030 (PNAC 2020/2030) in Annex II, and the National Strategy for Adaptation to Climate Change in Annex III. The Strategic Framework for Climate Policy sets out the vision and objectives of national climate policy to 2030. It notably aims to promote the rapprochement of citizens and civil society, foster the implementation of a new generation of climate policy instruments, and articulate objectives, instruments and institutions, recognising that the mainstreaming of climate policies and the need to integrate the climate dimension into sectoral policies requires an integrated and integrated vision of policies and instruments. Its objectives are: 1) Promoting the transition to a low carbon economy, generating more wealth and employment, contributing to green growth; 2) Ensure a sustainable path to reduce GHG emissions; 3) Strengthen resilience and national adaptation capacities; 4) ensure committed participation in international negotiations and cooperation; 5) to stimulate research, innovation and the production of knowledge; 6) Involve society in the challenges of climate change, contributing to increase individual and collective action; 7) Increase the effectiveness of information, reporting and monitoring systems; 8) Guarantee financing conditions and increase levels of investment; and 9) Ensure effective governance conditions and ensure mainstreaming of climate objectives. The PNAC is one of the elements that constitute the QEPiC that assumed as vision the development of a competitive and low carbon economy, establishing a new paradigm of development for Portugal in a context of green growth. Its objectives are: 1) establish policy guidelines and sectoral measures based on the cost-effective emission reduction potential identified in the modelling; 2) Define sectorial targets that conspire the objectives of reducing national emissions resulting from the CCV and foreseen in the QEPiC; and 3) Identifies a set of policy options and sectoral measures with a cost-effective potential, to be developed within the framework of the work of the SPM, which ensures sectoral operationalisation and accountability in its implementation. In order to contribute to the planning and development of a resilient, competitive and low carbon society and economy, ENAAC 2020 sets the following vision: ""a country adapted to the effects of climate change, through the continuous implementation of solutions based on the technical knowledge and best practices."" It aims to 1) improve the level of knowledge on climate change; 2) implement adaptation measures; and 3) promote the integration of adaptation into sectoral policies. ENAAC 2020 replaces the National Strategy for Adaptation to Climate Change set out in Resolution 24/2010. Some provisions were altered by the Resolution 53/2020. This resolution: (i) approves the NECP 2030 (Bringing the name NECP as it is known nowadays) and (ii) repeals the National Program for Climate Change 2020/2030, and (iii) extend the Strategic Framework for Climate Policy (QE-PiC) until 2025.",PRT,Portugal,2015,"['drought', 'flood', 'temperature_extremes', 'wildfire']",CCLW
Climate Change Policy Framework,"The Climate Change Policy Framework was released by the Ministry of Environment and Energy to provide Maldives with a strategic vision of policies necessary to tackle climate change impacts on the short, medium and long terms. The principles guiding the document are climate leadership, intergenerational equitability, mainstreaming climate change policies, international commitments and partnerships, transfer of technology and climate resilience.  The five main policy goals are to scale up the financial resources, the use of climate friendly technology and the capacity to adapt and mitigate climate change and integrate climate change into sector and/or thematic policies, plans and budgetary processes to build a low carbon development and climate resilient development in the Maldives.",MDV,Maldives,2015,"['drought', 'erosion', 'flood', 'other', 'sea_level_rise', 'storm']",CCLW
National Biodiversity Program (2015-2025),"The National Biodiversity Program is a national sectoral programme outlining the implementation of state policy at both the national and sectoral level, including goals and targets for solving critical issues, and budgetary and funding concerns.  
 The National Biodiversity Program includes the following climate-relevant goals: 
 
 for at least 30% of each representative of main ecosystems, all patch and vulnerable to climate change ecosystems are included in to the National Protected Area network and their management is improved 
 to develop and implement conservation plan on ecosystems that are patch or vulnerable to climate change 
 to create a stable financial framework for the restoration of degraded soil, protection of soil vulnerable to climate change and prevention of soil degradation",MNG,Mongolia,2015,['erosion'],CCLW
National Strategy on Climate Change to 2050 (ENCC),"The National Strategy on Climate Change (ENCC) 2015 updates and replaces the ENCC originally adopted in 2003. It reflects the commitment of the Peruvian State to take action on climate change in an integrated, cross-cutting and multi-sectoral manner, aiming to fulfil the ""Vision for 2021"", when ""Peru will have adapted to the adverse effects of and taken advantage of the opportunities posed by climate change, laying the foundation for sustainable low carbon development"".

The Strategy identifies key climate risks for the country, such as glacial retreat and reduced access to the associated water resources, unusual variation of temperatures on land and in the sea, changing historical patterns of rainfall, rising sea levels, and the increased intensity and frequency of extreme weather events. It also assesses the distribution of GHG emissions throughout the Peruvian economy.

Based on the two above assessments, the ENCC sets two key objectives, each with 4 associated indicators :



Prevent the adverse impacts of climate change from reducing the vulnerability of the economy and society to such impacts, raising awareness among the population and implementing adaptation actions in appropriate scale. The associated indicators are:



Increased proportion of people who know what actions to take to manage climate change risks and adapt to the impacts







Increased volume of private investment and increased quality of public expenditure for climate change adaptation







Reduced human and economic losses due to the occurrence of natural disasters linked to climate change







Increased production of scientific research and technological development as a basis and guide for climate change risk management and adaptation to climate change













Reduce GHG emissions, while taking advantage of the opportunities associated productive transformation in key sectors such as forestry, energy, transportation, industrial and solid waste management.



Reduced and continuously decreasing carbon intensity of the economy







Reduction of GHG emissions in all sectors, especially carbon intensive sectors







Increased carbon sequestration and net reduction of emissions in the forestry sector











The ENCC mandates the production of sectoral and sub-national action plans, setting specific targets and detailing measures necessary to achieve the objectives proposed in ENCC. These are to be monitored and evaluated by the National Commission on Climate Change. These include the 2017-2021 Multiyear Sectoral Strategic Plan of the Environment Sector (PESEM) and the National Strategy on Forests and Climate Change (2016).",PER,Peru,2015,"['flood', 'other', 'temperature_extremes']",CCLW
Decree No. 2015-1189 / PRESTRANS / PM / MERH / MEF of 22 October 2015 adopting the National Adaptation Plan for Climate Change (NAP),"This decree approves the country's National Adaptation Plan for Climate Change. The Plan intends to reduce the vulnerability to climate change of Faso and increase its resilience through the integration of the adaptation objective to current and future development policies. The Plan stresses that new administrative capacities are needed to respond satisfactorily to the sectoral objectives it lists (forestry, agriculture, health, energy, infrastructure, livestock, housing).",BFA,Burkina Faso,2015,"['drought', 'erosion', 'flood', 'other', 'temperature_extremes', 'wildfire']",CCLW
Climate Change (Management) Act 2015 (No. 19 of 2015),"This laws sets out the framework for mitigation and adaptation policy action in Papua New Guinea. It aims at promoting human activities compatible with a stable climate alongside mitigation and adaptation actions; implementing international obligations with regard to mitigation and adaptation into national law; and establishing a national authority.  
 The law further sets the legal and institutional rules on mitigation and adaptation actions to be undertaken.",PNG,Papua New Guinea,2015,"['flood', 'other', 'sea_level_rise']",CCLW
National Plan for Adaptation to the Impacts of Climate Change,"Japan's Adaptation Plan was first approved by the Cabinet in November 2015 to provide the government with a sectoral and cross-policy framework to prevent and counter adverse effects of climate change.The Plan details 'basic adaptation directions' and 'measures' including regarding agriculture, water environments and fisheries, other ecosystems and economic activity. It further discusses sectoral disaster risk strategies. The latest National Adaptation Plan was approved by the Cabinet in October 2021 and is set based on the Climate Change Adaptation Act. Updates include setting KPIs for the sector-specific measures and indicators to foster adaptation at national, municipal and citizen levels.",JPN,Japan,2015,"['drought', 'erosion', 'flood', 'melting', 'other', 'sea_level_rise', 'storm', 'temperature_extremes']",CCLW
Myanmar Energy Master Plan 2015,"The Myanmar Energy Master Plan has been prepared from a strategic perspective requiring that all concerned Ministries align to a common energy development plan based on an understanding of fundamental economic development needs. The plan provides the supply strategies through viable energy mix scenarios to secure the stable and reliable energy supply in the long term view. Moreover, this master plan is developed to ensure the efficient use of energy resources, to create effective investment environment, to employ innovative technologies and to minimise the environment and social impacts. The plan prioritises the long term benefit of the country by ensuring sustainable energy sector development and conserving the environment. The planning process is also designed to ensure the integration of Global and ASEAN commitments in Myanmar Energy Master Plan.",MMR,Myanmar,2015,"['drought', 'erosion', 'flood']",CCLW
Ghana Forest and Wildlife Policy,"The Policy sets out the strategic directions and policy strategies to halt and reverse the pace of deforestation and forest degradation in Ghana, including the promotion of climate change mitigation and adaptation. The Policy calls for the development of capacities in public institutions and civil societies to engage in future international and domestic mechanisms that will respond to climate change. This includes enacting the necessary legislation to guide allocation of carbon rights and related matters; supporting training and education in forest resource management at district levels in carbon rights allocations; creating national awareness about the role of forests in climate change mitigation and adaptation; and making efforts to develop a sustainable wildlife management framework with active involvement of landowners and resource users and a savannah eco-restoration fund.",GHA,Ghana,2016,['wildfire'],CCLW
Joint national action plan for climate change and disaster risk management 2016-2020 (JNAP II),"The Joint National Action Plan for Disaster Risk Management Climate Change Adaptation (JNAP) 2016-2020 replaced the initial JNAP that was addressing the period 2011-2015. JNAP looks extensively at nine sectoral strategies to ensure a safe, resilient and sustainable future. It aims at strengthening climate and disaster resilience to protect lives, livelihoods, economic, infrastructural, cultural and environmental assets in the Cook Islands in a collaborative, sectoral approach. The document also discusses financial, implementation and institutional strategies.",COK,Cook Islands,2016,"['drought', 'erosion', 'flood', 'other', 'sea_level_rise', 'storm', 'temperature_extremes', 'wildfire']",CCLW
Low Carbon and Climate Change Resilient Development Strategy 2016 - 2025,"The Low Carbon and Climate Resilient Development Strategy is a mid-term and short-term thematic intersectoral strategy covering the period 2016-2025. It responds to Benin's dual need to address the adverse effects of climate changem in particular the identification, adoption, dissemination and appropriation of adaptation measures on the one hand, and the desire to contribute to the reduction of GHG emissions on the other. The overall objective of this strategy is divided into three specific objectives: (a) strengthening the resilience of local communities and economic production systems (OS-1), (b) reducing GHG emissions from anthropogenic sources (OS -2), and (c) strengthen the protection of communities, especially those most vulnerable to natural disasters (SO-3). The financial resources required for the implementation of this strategy will be mobilized mainly through the three financing mechanisms that are: the state investment budget, loans, grants and donations, with financing mechanisms dedicated, including Benin's multilateral and bilateral partners.",BEN,Benin,2016,"['drought', 'erosion', 'flood', 'other', 'sea_level_rise', 'storm', 'temperature_extremes']",CCLW
National Adaptation Plan for Climate change impacts 2016-2025,"The National Adaptation Plan (NAP)  identifies agriculture, fisheries, water, human health, coastal and marine, ecosystems and biodiversity, infrastructure and human settlements as vulnerable sectors to the adverse effects of climate change.  The Plan provides the opportunity for all the stakeholders for developing policies, strengthening cooperation, institutional setup, resources mobilization, technology development and transfer, awareness and capacity building to increase resilience of vulnerable communities",LKA,Sri Lanka,2016,"['drought', 'erosion', 'flood', 'sea_level_rise']",CCLW
Climate Action Plan of Ministry of Environment 2016-2018,"The Climate Action Plan of Ministry of Environment provides a strategic orientation for the Ministry's departments and other institutions to tackle climate change issue and constitutes an important tool for mobilizing domestic and external resources and funds to implement climate change interventions.  The plan establishes the following main actions: 1) to promote climate resilience through improving food, water and energy security; 2) to reduce sectoral, regional, gender vulnerability and health risks to climate change impacts; 3) to ensure climate resilience of critical ecosystems, biodiversity, protected areas and cultural heritage sites; 4) to promote low-carbon planning and technologies to support sustainable development; 5) to improve capacities, knowledge and awareness for climate change responses; 6) to promote adaptive social protection and participatory approach in reducing loss and damage due to climate change; 7) to strengthen institutions and coordination frameworks for national climate change responses; 8) to strengthen collaboration and active participation in regional and global climate change processes.",KHM,Cambodia,2016,"['drought', 'flood']",CCLW
Master Plan For Climate Resilient Forestry Development,The Master Plan For Climate Resilient Forestry Development proposes programes and strategies to 1) strengthen resilience of forest ecosystems and communities to climate change; 2) to respond to demands for forest ecosystems goods and services; 3) promote responsive governance.,PHL,Philippines,2016,"['drought', 'flood']",CCLW
The Myanmar National Framework for Community Disaster Resilience 2016,"The Myanmar National Framework for Community Disaster Resilience establishes a guidance for stakeholders in building resilience of Myanmar communities.  The framework has been developed under the leadership of the Ministry of Social Welfare, Relief and Resettlement that is the secretariat of the National Disaster Management Committee (NDMC) and through extensive consultation with ministries, development partners and civil society organizations.  The framework identifies actions to strengthen resilience across key sectors such as rural and urban development, agriculture, environmental conservation and forestry, financial inclusion, social protection, and disaster preparedness. The implementation requires an inclusive approach, partnerships and resource mobilization through the cooperation of government organizations, civil society organizations, the private sector and development partners.",MMR,Myanmar,2016,"['drought', 'erosion', 'flood']",CCLW
Kiribati 20-year vision,"The KV20 is a long term development blueprint for Kiribati, covering the period 2016 to 2036. The vision of the KV20 is for Kiribati to become a wealthy, healthy and peaceful nation. It seeks to achieve the development aspiration by maximising the development benefits from fisheries and tourism as key productive sectors.  The Vision recognises Kiribati's vulnerability to climate change as a key constraint to achieving the desired outcomes. The Vision underscores the need to mainstream climate change adaptation and mitigation into various programmes. The document further explores the construction of sea walls and sand-dredging techniques to protect and elevate islands.",KIR,Kiribati,2016,"['erosion', 'sea_level_rise']",CCLW
National Policy for Climate Change (Decree 269-15),"This document defines the government's transversal climate change policy. It defines principles, objectives and a range of instruments (fiscal, regulatory, communication) to implement. It further suggests corrections to bring to the Multi-annual National Plan for the Public Sector so that it takes into account climate change.  Its objectives are: 1) Manage climate variability directly or indirectly attributed to human activity and the effects it generates on the population and the national territory, through an adequate strategy, programming, plans and projects at the national level, in accordance with the provisions of the Convention United Nations Framework on Climate Change and the Kyoto Protocol, 2) Incorporate adaptation to climate change as a transversal policy within the National Development Strategy 2030, and its articulation with other transversal policies, in particular environmental sustainability, risk management, territorial cohesion and gender equity, and 3) favour a political and institutional framework favorable to a low development in greenhouse gas emissions and resilient to climate change. Decree 269-15, which establishes the policy, is detailed in Chapter 5.",DOM,Dominican Republic,2016,"['drought', 'erosion', 'flood', 'other', 'sea_level_rise', 'storm', 'temperature_extremes']",CCLW
The National Strategy for Climate Change Adaptation,"This strategy aims at addressing risks and opportunities resulting from a changing climate. In particular, it seeks to 10 establish and enhance the short and long-term decision-making procedure regarding adaptation issues, 2) link adaptation with the promotion of a sustainable growth model through the implementation of regional/local action plans, ) promote adaptation actions and policies in all sectors of the Greek economy, with emphasis on the most vulnerable ones, 4) create a monitoring, evaluation and update mechanism for adaptation actions and policies, and 5) build adaptation capacity and raise public awareness.",GRC,Greece,2016,"['drought', 'flood', 'sea_level_rise', 'wildfire']",CCLW
Vanuatu's National Ocean Policy,"The purpose of the National Ocean Policy is to achieve an ocean governance framework that supports traditional marine resource management practices and knowledge and manages all line agencies with responsibility for maritime and ocean affairs, and harmonizes national actions in relation to the marine resources of the Republic of Vanuatu. This policy builds upon and complements important sectoral-level management plans, policies and strategies. It introduces a new coordination mechanism to assist departments, Ministries, users and communities to better work together and synergise, versus contradict, each other's efforts. Achieving the Ocean Policy vision and purpose will help Vanuatu to build resilience in its marine ecosystems to climate change and disasters. One of the Policy's action areas is climate change and disaster risk reduction, as Vanuatu is one of the most vulnerable countries to climate change and disaster risks.  It experiences cyclones, storm surges, landslides, flooding and droughts, which may become more intense as a result of climate change. Vanuatu is also highly exposed to geophysical threats from volcanic eruptions, earthquakes and tsunamis, as well as human, animal and plant disease, and man-made disasters. The quality and status of the marine environment has a significant impact on both the effects of climate change upon coastal communities and the resilience of communities to that impact. This Policy provides a framework through which risks arising from and associated with the marine environment can be identified, assessed, reduced and managed.  The goal for the Climate Change sector with regard to Oceans is to conserve, manage and develop the Ocean to help Vanuatu have resilient communities, environment and economy for the long term. The Strategic objectives for the Climate Change Sector with regard to the ocean are to: Promote and support efficient, effective Climate Change & Disaster Risk Reduction efforts using Ecosystem-based Approaches; Facilitate and enhance appropriate measures to manage Climate Change & Disaster Risk Reduction knowledge & information;  Promote and support an efficient, effective Low Carbon & Mitigation Approaches & Strategies to ensure safety, security and protection of the marine environment.",VUT,Vanuatu,2016,"['drought', 'flood', 'other']",CCLW
Compensatory Afforestation Fund Act (Act no 38 of 2016),"This Act sets the legal framework around funds providing for compensatory afforestation. The rationale behind this Act is notably articulated around the concept of net present value that encompasses services such as flood moderation and carbon sequestration. The document further creates the National Compensatory Afforestation Fund Management and Planning Authority (CAMPA) and sets its composition and powers.  In May 2020, the government announced that it would allocate Rs 6,000 crore to create jobs among indigenous tribes, in order to enhance afforestation efforts and protect ecosystems.",IND,India,2016,['flood'],CCLW
Climate Action Plan,"The Climate Action Plan lays down strategies and targets to meet the pledge to reduce GHG emissions intensity by 36% by 2030 (compared to 2005), peak emissions around 2030, and ensure future resilience of Singapore. 
The Climate Action Plan consists of two key documents. The first, 'Take Action Today: For A Carbon-efficient Singapore' lays down the key strategies that Singapore will need to take to reduce GHG emissions to fulfil the emissions reduction pledge it made in support of the Paris Agreement. The four strategies include: 
 
 
 Improving energy efficiency; 
 Reducing carbon emissions from power stations; 
 Developing and demonstrate cutting-edge low-carbon technologies; 
 Acting through the collective action of government agencies, individuals, businesses, and the community. 
 
The second document, 'A Climate-resilient Singapore: For a Sustainable Future' explains what climate risks Singapore faces and proposes a Whole-of-Government strategy to tackle them, in six key areas: 
 
 
 Protecting coasts 
 Managing water, minimising floods 
 Protecting biodiversity and greenery 
 Strengthening resilience in public health and food supply 
 Keeping essential services running 
 Keeping infrastructures safe 
 
Singapore's comprehensive Climate Action Plan covers actions in many key sectors, from increasing industrial energy and carbon efficiency, generating cleaner power and reducing waste, to moving to clean transport, protecting coasts, biodiversity and greenery, managing storm water and building up climate science. 
Some of the qualitative targets for climate mitigation are further detailed below (directly adapted from the Plan): 
 
 
 Green 80 % of our buildings by 2030. 
 Raise the adoption of solar energy to 350 MWp (peak capacity) by 2020, compared to 60 MWp today. 
 Achieve a national recycling rate of 70 per cent. 
 Achieve 75 per cent public transport use by 2030. 
 Achieve 20% energy savings by 2030 compared to business-as-usual levels 
 
The key adaptation objectives and targets include (directly adapted from the Plan): 
 
 
 Safeguard MRT stations, airports, sea ports, power stations, cellular towers and other key infrastructure against floods and/or elevated temperatures. 
 Safeguard against coastal erosion and rising sea levels by building seawalls or using geo-bags along our coastlines. 
 Restore and protect mangroves. 
 Increase connectivity between green areas 
 Advance scientific understanding of climate change and its effects on Singapore. 
 Promote innovative local farming solutions such as indoor farming.",SGP,Singapore,2016,"['flood', 'sea_level_rise']",CCLW
Climate Change Master Plan (CCMP) 2015-2050,"The National Climate Change Master Plan (2015 -2050) is designed to help Thailand achieve sustainable low carbon growth and climate change resilience by 2050, by following the below missions:   ""Building climate resilience into national development policy by integrating directions and measures in all sectors at both national and sub-national levels to ensure country's adaptability to climate change; Creating mechanisms to reduce GHG emissions, and leading to sustainable low carbon growth; Building readiness of master plan implementation by enhancing potential and awareness of all development partners; and Developing database, knowledge, and technology to support climate change adaptation and sustainable low carbon growth"" (Missions).  To achieve the objectives, the National Climate Change Master Plan (2015 -2050) specifies a set of mitigation, adaptation and capacity building targets.    Short-Term (2016) targets include: Develop medium- and long-term GHG emission reduction targets and prepare roadmaps for implementation by sector (including vulnerability maps, Nationally Appropriate Mitigation Actions roadmap, and Measurement, Reporting, and Verification mechanism); Establish domestic incentive mechanism, using both legal and economic measures to encourage low carbon development.  Medium-Term (2020) targets include:     Reduce GHG emissions from energy and transport sectors by 7-20 per cent by 2021 compared to 2005 (subject to level of international support); By 2021, supply at least 25 per cent of energy consumed from renewable energy sources; Increase ratio of municipalities with more than 10 m2 of green space per capita.      Long-Term (2020-2050) targets include: By 2030 reduce energy intensity by at least 25 per cent compared to a business as usual scenario; Increase proportion of trips made by public transport; Reduce proportion of GHG emissions from land transport; Increase proportion of investment in low carbon and environmental friendly industries; Reduce open waste dumping area; Reduce proportion of open burning in agriculture areas; Reduce carbon intensity of the economy.",THA,Thailand,2016,"['drought', 'erosion', 'flood', 'melting', 'other', 'sea_level_rise', 'storm', 'temperature_extremes', 'wildfire']",CCLW
PM Decision 811/2016 introducing the Climate Change Action Plan for Construction 2016-2020,"This decision issues the climate change action plan for the period 2016-2020 applicable to construction industry.  The purpose of the plan is to respond to climate change by an effective use of resources and energy, to mitigate impacts of climate change and to promote sustainable and environmentally-friendly development.  The objectives are the following: 1) to assess climate change impacts and make predictions of climate change and sea level rise impacts on construction industry; 2) to integrate climate change action plan into strategies and plans for urban development and building materal manufacturing; 3) to promote green works and infrastructures, use green building materials, technology and products; 4) to promote renewable energy and economically use energy and resources, etc.",VNM,Vietnam,2016,"['erosion', 'flood', 'sea_level_rise']",CCLW
National Climate Change Management Policy,"This Policy aims at setting the country's mitigation and adaptation strategy. Its long-term goal is to reduce the socio-economic impacts of adverse affects of climate change; its medium-term goal is to improve community resilience through the development of sustainable livelihoods and reduced emissions of GHGs. The document focuses on 1) capacity building (education, training and public awareness), 2) the Clean Development Mechanism, 3) Reducing emissions from deforestation and forest degradation and fostering carbon sinks, and 3) adaptation and mitigation in agriculture, energy, industrial processes, waste management, forestry, water resources, and wildlife sectors. The Policy is designed in accordance with the National Environmental Policy.   The Policy aims in particular to 1) reduce vulnerabilities and promote community and ecosystem resilience, 2) ensure that women, girls and other vulnerable groups are engaged and involved in planning and implementation efforts, and 3) ensure that communities are able to adapt to climate change by promoting long term action.",MWI,Malawi,2016,"['drought', 'flood']",CCLW
Land Degradation Neutrality Report 2016-2030,"This policy document aims to ensure soil improvement and conservation by expanding forest areas, ensuring the efficient use of water resources and irrigation methods, increasing incentives for organic and sustainable farming practices, and establishing basin, water, and forest management reporting systems. It further seeks to promote climate-friendly farming techniques and improve water control systems to increase national resilience against droughts and desertification.",TUR,Türkiye,2016,"['drought', 'erosion', 'other']",CCLW
National Action Plan for Climate Change,"This Action Plan was adopted by the government in 2016 in application of the 2013 framework law (Congressional Decree 7-2013). The Plan lists the mitigation and adaptation priorities that should be dealt with by public and private institutions. Adaptation efforts should prioritise human health, coastal marine zones, small-scale agriculture, forests, infrastructure and water resources. Mitigation efforts should focus on energy, industrial processes, the agroindustrial sector, land use and scrap.",GTM,Guatemala,2016,"['drought', 'erosion', 'flood', 'other', 'wildfire']",CCLW
PM Decision 2044/2016 approving the Climate Change Policy Framework,"This approves the Climate Change Policy Framework 2016 and 2017 and the document of Support Program to Respond to Climate Change (SP-RCC) for the period 2016-2020. The main objectives of the Climate Change Policy Framework 2016 and 2017 are the following: 1) preparedness to respond to natural disaster and monitor climate; 2) to ensure water and food security in climate change conditions; 3) preparedness to respond to rising sea and natural disaster risks; 4) sustainable forest management and development; 5) reduce GHG emissions during socio-economic development process; 6) building capacity of the governmental agencies to respond to climate change; 7) diversify financial resources and increase investment efficiency in climate change; etc. The general objectives of the SP-RCC are to support the formulation and implementation of strategies, policies and programs to respond to the negative impacts of climate change in the country.",VNM,Vietnam,2016,"['drought', 'flood', 'sea_level_rise']",CCLW
National Climate Adaptation Strategy (NAS) ,"The National Climate Adaptation Strategy (NAS) was the Dutch answer to the call from the European Commission to all member states to create an adaptation strategy no later than 2017. The NAS included four diagrams (hotter, wetter, drier, and rising sea level) to visualise the effects of climate change on nine different sectors. The NAS 2016 was evaluated in 2022. In order to accelerate the implementation of the NAS 2016, a new report was published in 2023, titled ""the National Implementation Programme on Climate Adaptation"" in Dutch shortened to the ""NUPKA"". This document shows what measures have already been undertaken for the upcoming years, and which measurements are still necessary. It shows the implementation and speeding up of the NAS. In 2026 the new ""NAS"" will be published.  
 The NUPKA (2023) states, for instance, that every development in the Netherlands from now on must take into account sea level rise, increasing heat, longer periods of drought, and more extreme rainfall. It also discusses that policies to make the Netherlands ""climate proof"" need to be more intelligent, intensive, and inclusive. 
 The NUPKA pays special attention to the following four domains: 
 
 Water:  protection against sea-level rise and flooding 
 Agriculture, nature, and the environment:  climate robust agriculture, resilient nature, and preparations for climate risks 
 People and culture:  heatproof cities, staying healthy in times of climate change, and protecting cultural heritage 
 Living and working:  climate-adaptive buildings and climate-proof living, resilient infrastructure, and resistant waterways",NLD,Netherlands,2016,"['drought', 'flood', 'sea_level_rise', 'storm', 'temperature_extremes']",CCLW
Strategic framework for climate change adaptation,"This strategic framework aims at making Slovenia, by 2050, a society adapted and resilient to climate change impacts and characterised by a high quality of life and a high degree of safety of life, while taking full advantage of the changed climate on the basis of sustainable development. This document presents the measures to strengthen capacities for climate change adaptation, management of risks and for taking advantage of eventual opportunities brought by a changing climate.",SVN,Slovenia,2016,"['drought', 'flood', 'wildfire']",CCLW
Pan-Canadian Framework on Clean Growth and Climate Change,"The Pan-Canadian Framework on Clean Growth and Climate Change is an extensive document that has been developed by the Canadian government in association with the ten provinces to lay out a mitigation strategy as well as a pathway towards a clean economy. The plan details a number of national orientations over 1) the objective of meeting, or exceed, Canada's 2030 target of a 30 percent reduction below 2005 levels of greenhouse gases emissions, 2) adaptation, 3) and mentions province-wide projects happening in different provinces, such as the ""community-based energy generation"" scheme of New Brunswick or the efforts towards electrification of transport in Quebec. Specific policies include: 
 
 
 carbon pricing, with a federal benchmark calling a price starting at $10/tonne in 2018 and a $10/year increase until it reaches $50/tonne in 2022. 
 efforts to support clean technologies at early stage and their implementation at industrial scale. The plan seeks an increase of renewables in the electricity mix (currently at 80 %), a reduction in the reliance on diesel in local communities power generation, energy efficiency in new buildings and retrofitting. The objectives of mitigation and adaptation are meant to be combined with jobs creation and economic growth. 
 Increased stored carbon in forests, use of wood for construction, bioenergy and bio products. 
 Adaptation - focusing on vulnerable regions and especially the Arctic, to translate scientific information and traditional knowledge into action, building regional adaptation capacity expertise, resilient infrastructure and standards, address climate-related health risks, support communities and respecting the rights of Indigenous people. 
 Federal and province level yearly reporting on greenhouse emissions, to determine whether the country's progression is in line with the set out  pathway  of greenhouse gases emissions reductions by 2030. 
 
 The updated benchmark replaces the 2018-2022 benchmark and associated guidance and will apply for the 2023-2030 period. Canada's minimum national price on carbon pollution for explicit price-based systems (i.e., systems that directly set a price on emissions) is $65 per tonne of GHG emissions Footnote3  calculated in carbon dioxide equivalent (CO2e) in 2023, and increases by $15 per year to $170 per tonne CO2e in 2030.",CAN,Canada,2016,"['drought', 'flood', 'melting', 'sea_level_rise', 'temperature_extremes', 'wildfire']",CCLW
Philippine Development Plan 2017-2022,"In 2016, the Philippines Development Plan 2017-2022 was adopted. It was anchored on the AmBisyonNatin2040 (25-year long-term vision). The plan had three pillars: 1) enhancing the country's social fabric; 2) reducing inequality; 3) increasing potential growth. 
 The plan was updated by the Philippines Development Plan 2023-2028. Its key goals are to reinvigorate job creation and accelerate poverty reduction. Chapter 15 covers climate action and disaster resilience. The priority is to enhance the adaptive capacity of communities and ecosystems that are most vulnerable to natural hazards and climate change. There are three intended outcomes: (a) increase climate and disaster risk resilience of communities and institutions; (b) enhance ecosystem resilience; and (c) enable the low-carbon economy transition.",PHL,Philippines,2017,"['drought', 'flood']",CCLW
Disaster Management Act 2017,"The Disaster Management Act establishes the policies to ensure an operational organisation to face disasters such as  firefighting,flooding, deforestation and destruction of physical infrastructure. The act provides the followinf goals: 1) to assess the potential impact of natural disasters, to identify the location of the threat, to map the level of risk and crisis; 2) to transmit or develop a system for early warning systems; 3) to have a common public role in conducting emergency search, rescue and rescue operations; 4) to conduct public awareness activities related to the development of the country, etc.",NPL,Nepal,2017,"['flood', 'wildfire']",CCLW
5-Year and 20-Year National Development Plan,"Fiji has both a 20-Year Development Plan (2017-2036) and a comprehensive 5-Year Development Plan (2017-2021). These plans work together as the 5-Year Development Plan provides a detailed action agenda with specific targets and policies that are aligned to the long-term transformational 20-Year Development Plan. The National Development Plan (NDP) shares an inclusive socio-economic development and the strategies within are designed to empower every Fijian and widen the reach of programmes, services and networks of infrastructure to transform Fiji.  The NDP tackles critical cross-cutting issues such as climate change, green growth, the environment, gender equality, disability and governance.",FJI,Fiji,2017,"['drought', 'erosion', 'flood', 'other']",CCLW
Afghanistan National Peace and Development Framework (ANPDF) 2017-2021,"The Afghanistan National Peace and Development Framework (ANPDF) is a five-year strategic plan for achieving self-reliance. The Framework presents a long-term development  for Afghanistan by providing consistent high-level guidance to government and stakeholders. It articulates immediate and long term development priorities, highlights key reforms and outlines priority investments needed to achieve development goals. It sets the economic, political and security context to ensure the development of agriculture, extractive industries and trade.  The Framework establishes measures to mitigate the effects of climate change, notably in the energy sector but also by expanding agroforestry and reforestation to support environmental conservation and income generation for farmers. It also creates strategies to mitigate the adverse effects of climate change across the trans-Himalayan region.",AFG,Afghanistan,2017,['flood'],CCLW
National Policy for Climate Change,The National Policy for Climate Change aims to incorporate climate change management into public and private decisions to advance in a climate-resilient and low-carbon development path that reduces the risks of climate change and allows opportunities to be seized. The long-term objective is for the country to be carbon neutral.,COL,Colombia,2017,"['drought', 'flood', 'other', 'sea_level_rise', 'temperature_extremes', 'wildfire']",CCLW
Climate Change Strategy and Action Plan (MCCSAP) 2016-2030,"The Myanmar Climate Change Strategy and Action Plan (MCCSAP) provides a roadmap to guide Myanmar's strategic responses and actions to climate-related risks and opportunities over the next fifteen years and beyond.  The MCCSAP is built on the principles of: 1) inclusive development that allows poor, marginalised and vulnerable women, men and geographic regions to benefit from opportunities provided by climate-resilient and low-carbon development; 2) driving action to deliver resource-efficient development that will incentivise investment in a green economy to achieve growth targets with minimal environmental harm and carbon emissions; 3) integrated development to direct government, development partners, civil society, private sector entities and communities to coordinate policies and programmes to support the strategy's overall objectives; 4) supporting results-oriented development through a time-bound goal and objectives. To achieve its goals, Myanmar needs to direct its development actions along two strategic pathways: 1)to increase the adaptive capacity of vulnerable communities and sectors ; 2) to create and maximise opportunities for potential sectors to follow a low-carbon development pathway ensuring development benefits to households and all economic sectors.",MMR,Myanmar,2017,"['drought', 'flood', 'other']",CCLW
National Disaster Risk Management Act 2016,"The National Disaster Risk Management Act establishes the measures to ensure an effective disaster management for Nauru.  The purposes of the act are the following: 1) to mitigate the potential adverse effects of an event, to prepare managing the effects of an event and to effectively respond to and revocer from a disaster; 2) to provide procedures for effective coordination of international disaster relief assistance. To achieve these, the act sets the following measures: 1) to establish community disaster management committees; 2) to prepare national disaster management plans and guidelines; 3) to prepare agency or departmental disaster risk management plans; 4) to ensure that communities receive appropriate information about preparing, responding to and recovering from a disaster; 5) to establish the Department of National Emergency Services, the National Disaster Risk Management Council, the National Emergency Operation Centre and the National Controller.",NRU,Nauru,2017,"['drought', 'flood', 'other', 'storm', 'wildfire']",CCLW
"Meteorology, Geological hazards and Climate Change Act no 25/2016","The Meteorology, Geological hazards and Climate Change act sets the following objectives: 1) to ensure a high quality services provided in relation to weather, climate, flood forecasting and geological hazards; 2) to promote capacities of governments, communities and organisations to understand and respond to risks arising frim weather events, climate change and geological hazards; 3) address the needs of operators of ships and aircrafts and of tourists to access all necessary weather forecasts, bulletins, alerts, warnings and information concerning geological hazards; 4) facilitate the use and application of relevant information, forecasts, bulletins and warnings generated to and by local, regional and international bodies.",VUT,Vanuatu,2017,"['drought', 'flood', 'storm']",CCLW
Climate Change Adaptation Plan 2030,"The development document 'Development Plan for Climate Change Adaptation until 2030' presents a framework for action which serves as a basis for reducing the vulnerability of the state of Estonia in relation to climate change. It determines the impact of climate change on priority areas and the adaptation measures which need to be taken in the short term until 2030 and which are a part of a long-term vision until the year 2100. A detailed implementation plan has been prepared to achieve the objectives of the development plan.  The Plan's main objectives are 1) Health and rescue capability, 2) Land use and planning, including coastal areas, other areas with a risk of flooding, areas with a risk of landslides, land improvement, towns, 3) Natural environment, including biodiversity, land ecosystems, freshwater ecosystems and environment, marine ecosystems and environment, ecosystem services, 4) Bioeconomy, including agriculture, forestry, fishing industry, hunting, tourism, peat production, 5) Economy, including insurance, banking, employment, entrepreneurship and industry, 6) Society, awareness and cooperation, including awareness, education and science, international relations and cooperation, 7) Infrastructure and buildings, including transport and infrastructure of transport, technical support systems, buildings, and 8) Energy and security of supply, including energy independence, security, resources, efficiency, and heat and electricity production.",EST,Estonia,2017,"['drought', 'erosion', 'flood', 'other', 'sea_level_rise', 'storm', 'temperature_extremes', 'wildfire']",CCLW
"Pakistan Climate Change Act, 2017","The Pakistan Climate Change Act establishes the Pakistan Climate Change Council, headed by the Prime Minister, and consists of:  
 
 The Ministers in charge of climate change, finance, agriculture, food security and research, planning, development and reform, petroleum and natural resources, science and technology, water and power and foreign affairs 
 Chief Ministers of the Provinces 
 Ministers-in-charge of the department allocated with subject of environment in the Provinces 
 Other persons not exceeding thirty as the Prime Minister may appoint, of which at least twenty shall be non-officials, including representatives of the Chambers of Commerce and Industry, non-governmental organizations concerned with climate change, the environment and development and scientists, researchers, technical experts and educationists 
 Chairman of the National Disaster Management Authority 
 Chairman, Pakistan Climate Change Authority; and 
 Secretary of the Division allocated with the subject of climate change, who shall also be the Secretary of the Council. 
 
 The Council shall: (a) coordinate and supervise enforcement of the provisions of this Act; (b) monitor implementation of international agreements relating to climate change specified in the Schedule; (c) coordinate, supervise and guide mainstreaming of climate change concerns into decision-making by Federal and Provincial Government's ministries, divisions, departments and agencies so as to create enabling conditions for integrated climate-compatible and climate-resilient development processes in various sectors of the economy; (d) approve and monitor implementation of comprehensive adaptation and mitigation policies, strategies, plans programmes, projects and other measures formulated by the Authority to meet Pakistan's obligations under international conventions and agreements relating to climate change including in particular the Sustainable Development Goals; (e) monitor implementation of the National Adaptation Plan and its constituent provincial and local adaptation action plans, the National Appropriate Mitigation Action Framework and National Communication submitted to the concerned Secretariat of the United Nations Framework Convention on Climate Change; approve guidelines for the protection and conservation of renewable and non-renewable resources, species, habitats, and biodiversity in general adversely affected or threatened by climate change; and (s) consider the National Climate Change Report and give appropriate directions thereon. 
 The Act also establishes the Pakistan Climate Change Authority.",PAK,Pakistan,2017,"['drought', 'flood', 'melting', 'other']",CCLW
National Plan for Disaster Management (2016-2020),"The National Plan for Disaster Management (NPDM) 2016-2020 was prepared under the leadership of the Ministry of Disaster Management and Relief (MoDMR). The plan focusses on emerging risks linked to urbanization and climate change, and the necessity of Disaster Risk Reduction (DRR) for sustainable development. The NPDM 2016-2020 establishes the following goals: 1) to promote policy coherence among disaster management and development, 2) to make DRR a development practice to achieve resilient public investment; 3) to build capacity and leadership to implement the NPDM at national and local level; 3) to promote knowledge and information from the scientific and academic community, etc.  The plan provides two main implementation guides: 1) a broad policy direction in terms of national level action plans to guide DM in Bangladesh; 2) action plans with indicative time frames over the next 5 years and 34 core targets to be continued until 2030.",BGD,Bangladesh,2017,"['drought', 'flood', 'other']",CCLW
Federated States of Micronesia National Disaster Response Plan 2016,"The National Disaster Response Plan, adopted in 2017, provides for the establishment of national institutional arrangements for the Federated States of Micronesia (FSM) government for responding to emergency and disaster events within the country. It includes arrangements for preparedness, monitoring for potential events and response at the national level to manage national level events and support state level events. It also outlines arrangements to guide state disaster response plans and their connection to the national level arrangements. It includes provisions for accessing international support. This Plan contains 3 parts: Policies, Principles and Purposes Institutional Arrangements for Disaster Management Operational Arrangements for Disaster Management Part 1 sets out the policies, principles and purposes. The purposes of this Plan, as set out in section 16, are to: Detail high-level institutional arrangements for the overview and implementation of disaster management in FSM; Set explicit operational structures for disaster response management at the national level for supporting state emergencies and disasters and for managing national-level events; Outline operational structures for disaster response management at the state level for supporting arrangements at the municipal, village and outlying islands levels; Allocate roles and accountabilities for disaster response management to agencies across sectors and levels of government including civil society and the private sector; Promote arrangements in disaster response management that are gender and child specific, which address the needs of marginalised and vulnerable groups and provide for the involvement of women; Set arrangements for disaster response management that recognise the changing scope of the FSM/ USA Compact and the wider Pacific regional associations. Part 2 of this Plan establishes the institutional arrangements of the National Disaster Committee (NDC) responsible to the President for establishing and overseeing disaster management arrangements for preparedness and response to disasters. The NDC is responsible for facilitating planning at the national and sector levels and for supporting and guiding state development of State Disaster Response Plans, including at the municipal, village and outlying island levels.  Part 3 sets out the operational arrangements for disaster management.",FSM,"Micronesia, Federated States of",2017,"['drought', 'flood', 'other', 'storm']",CCLW
Tarea Vida plan to face climate change,"The State Plan for confronting climate change, Tarea Vida, was approved in 2017 by the Council of Ministers. Its foresees a programme of progressive investments that will be executed in the short (year 2020), medium (2030), long (2050) and very long (2100) terms. Priority areas have been identified taking into account the preservation of people's lives in the most vulnerable places, food security and tourism development.  Main goals are : 1) to undertake actions and projects for adaptation to climate change necessary in the 15 areas identified as most vulnerable, 2) to conserve and fully recover the beaches of the Cuban archipelago, 3) to ensure the availability and use of water as part of coping with drought, 4) to direct reforestation towards maximum protection of soils, 5) to rehabilitate the coral reefs as the most affected mangroves, 6) to implement, control and evaluate the adaptation and mitigation measures. For the vulnerable areas, several measures are established : 1) the ban on building new homes in threatened coastal settlements that are predicted to disappear due to flooding, 2) to reduce population density in low-lying coastal areas, 3) to develop new infratructures adapted to coastal flooding, 4) to adapt agricultural activities to the changes in land use caused by sea level rise and drought, 5) to reduce cultivated areas close to the coasts and diversify crops, 6) to plan the urban reorganization processes of the threatened settlements and infrastructures, 7) to start the process with lower cost measures such as induced natural solutions (beach recovery, reforestation). The plan also insists on the necessity of an environmental education for a possible sustainable development.",CUB,Cuba,2017,"['drought', 'erosion', 'flood', 'other', 'sea_level_rise', 'storm']",CCLW
Climate Plan (Policy framework),"As envisaged in the Energy Policy Framework (2005), the government has regularly updated the Climate Plan (2004, 2006, 2009, 2011), with the last update published in June 2014, integrating recent EU legislation. The Climate Plan covers nine Action Areas: Transport  
 Residential tertiary  
 Industry and energy generation  
 Agriculture  
 Forestry  
 Waste  
 Exemplary role of the state and territorial authorities  
 Businesses  
 Research  
 
 For each category, the Plan summarises targets and objectives set through different climate and energy related legislation as well as EU legislation, and evaluates the achievements to date.",FRA,France,2017,"['drought', 'flood', 'other', 'storm', 'temperature_extremes']",CCLW
National Mitigation Plan,"The Department of Communications, Climate Action and Environment published the National Mitigation Plan in July 2017. The ""whole-of-Government"" Plan aims at setting Ireland on a decarbonisation pathway to 2050. The Plan further includes 100 actions for various Ministers and public bodies to implement its strategy. The Government recognises that this document does not constitute a ""complete roadmap"" to achieve the 2050 decarbonisation objective, but develops a medium to long term action. The document outlines the emissions profiles, policy frameworks and strategies to achieve climate change mitigation at the national level, and in each of the following sectors: 1) electricity generation, 2) the built environment, 3) transport, and 4) agriculture, forestry and land use. It further quantifies costs and emissions reductions potentials.",IRL,Ireland,2017,"['flood', 'other', 'sea_level_rise', 'storm', 'wildfire']",CCLW
Cambodia National Adaptation Plan Financing Framework and Implementation Plan 2017,"The purpose of the National Adaptation Plan (NAP) Financing Framework and Implementation Plan is to bring the National Adaptation Plan process in Cambodia closer to its execution and with a specific aim to increase the possibilities for Cambodia to access additional adaptation finance.  The lack of financing is a key barrier to the implementation of climate change adaptation measures in Cambodia, thus supporting efforts to mobilise more funds is critical. This document aims to improve access to additional funding in order to contribute to the endeavour of the Royal Government of Cambodia (RGC) in responding to the negative impacts of climate change through a reduction of its vulnerabilities.",KHM,Cambodia,2017,"['drought', 'flood']",CCLW
National Drought Agreement ,"The National Drought Agreement (NDA) is an agreement between the Commonwealth of Australia and New South Wales, Victoria, Queensland, Western Australia, South Australia, Tasmania, the Australian Capital Territory, and the Northern Territory. 
 Parties acknowledge that drought is one of a number of business risks that farmers and other businesses should actively prepare for and adapt to. Promoting and enabling a culture of self-responsibility is a shared goal, and drought policy and programs should support the agricultural sector and rural communities to prepare for drought and climate variability to enhance their long-term sustainability and resilience. Climate science states Australia can expect increased and more extreme climate variability.",AUS,Australia,2018,['drought'],CCLW
National Agricultural Policy for the Maltese Islands,"The National Agricultural Policy for the Maltese Islands is a 10-year plan aimed at making agriculture more sustainable, economically viable, and socially inclusive. It outlines six strategic objectives, including improving food traceability, supporting resource management, and promoting research and development, with a total of 70 measures across economic, social, resource, and governance objectives. The policy also includes an Action Plan detailing timelines and responsible entities for implementation. It emphasises adaptation, reducing greenhouse gas emissions, and enhancing the resilience of agricultural systems to environmental risks.",MLT,Malta,2018,['erosion'],CCLW
Saint Lucia’s sectoral adaptation strategy and action plan for the water sector (Water SASAP) 2018-2028,"Saint Lucia's Sectoral Adaptation Strategy and Action Plan for the Water Sector (Water SASAP) 2018-2028 seeks to reduce water-related risks induced by climate change and climate variability. The plan also aims to build the capacities of relevant actors for ensuring the sustainable management of water resources and services under current and future climatic conditions. The Water SASAP, funded with the support of the United Nations Development Programme's (UNDP) Japan-Caribbean Climate Change Partnership (J-CCCP), builds on previous efforts and projects, and is the product of an in-depth contextual analysis and search for potential effective solutions to the country's water-related challenges under a changing climate.
The plan consists of 70 adaptation measures deemed critical for improving water resource and service management, and for reducing water-mediated climate change impacts in the country. The measures, endorsed by relevant stakeholders, offer solutions to information, technical, institutional, financial, regulatory and policy limitations hampering adaptation in the water sector. In the Water SASAP, the adaptation measures are grouped under 13 strategic objectives and contribute to these four major expected outcomes:

- An enhanced enabling environment and improved behaviour for water-related climate adaptation action
- Increased water access, availability and quality 
- Increased water efficiency and conservation
- Strengthened preparedness to climate variability and extremes",LCA,Saint Lucia,2018,"['drought', 'flood', 'storm']",CCLW
Plan of Action to Implement Sendai Framework for Disaster Risk Reduction 2015-2030,"The Bangladesh Plan of Action for Implementing the Sendai Framework for Disaster Risk Reduction outlines the country's strategy to minimise disaster risks and strengthen resilience. It acknowledges that climate change increases the frequency and severity of disasters, threatening the livelihoods and assets of millions. The plan stresses the importance of integrating disaster risk reduction with climate change adaptation strategies to improve resilience and reduce vulnerabilities.",BGD,Bangladesh,2018,"['drought', 'erosion', 'flood', 'other', 'storm', 'temperature_extremes']",CCLW
Myanmar Agriculture Development Strategy and Investment Plan (2018-19/ 2022-23),"The Agriculture Development Strategy (ADS) and Investment Plan (IP) responds to the need:  1) for the consolidation and integration of various plans, strategies, roadmaps, and approaches developed by various stakeholders;  2) for a systematic approach to operationalize agricultural policy implementation and link it to the IP;  3) to coordinate activities, projects, programs, and policies;  4) to build a dialogue with domestic and foreign investors and harmonise foreign aid to the sector. The document notably sets a yearly budget to support farmers in order to increase their resilience to climate change and disasters",MMR,Myanmar,2018,"['drought', 'flood', 'other']",CCLW
National Adaptation Framework,"Ireland's first statutory National Adaptation Framework (NAF) was released on January 19th, 2018. The NAF sets out the national strategy to reduce the vulnerability of the country to the negative effects of climate change and to avail of positive impacts. The NAF was developed under the Climate Action and Low Carbon Development Act 2015 and succeeds to the NCCAF previously released in 2012. 
 Ireland's second statutory National Adaptation Framework (NAF) was published by Minister Eamon Ryan TD on 5 June 2024. This latest NAF replaces the first iteration of the framework published in 2018, which was reviewed in 2022 in line with the five-year requirement of the 2015 Climate and Low Carbon Development Act (the Climate Act). 
 Ireland's first Statutory National Adaptation Framework (NAF) was published in 2018 and sets out the national strategy to reduce the vulnerability of the country to the negative effects of climate change and to avail of any positive impacts. Twelve key sectors were identified and are required to prepare sectoral adaptation plans.",IRL,Ireland,2018,"['drought', 'erosion', 'flood', 'melting', 'other', 'sea_level_rise', 'storm', 'temperature_extremes']",CCLW
Action plan to address the impacts of drought and water scarcity,"The aim of the Action Plan to Address the Impacts of Drought and Water Scarcity (Action Plan) is to prevent drought through preventive measures, to eliminate the negative impacts of climate change. Drought is a natural phenomenon, while water scarcity is strongly influenced by anthropogenic activity 
 The Action Plan provides a set of options for natural and socio-economic systems to adapt to ongoing or expected climate change, with the aim of reducing potential negative impacts and benefiting from the positive effects of climate change.",SVK,Slovakia,2018,"['drought', 'flood']",CCLW
National Strategy for Climate Change Adaptation (Government Proposition 2017/18:163),"This law introduces two amendments to Sweden's Planning and Building Act (2010: 900): (1) Municipalities must assess the risk of damage to the built environment as a result of flood, erosion and climate-related risks, as well as how such risks may change in the future, and (2) Municipalities must offer a detailed plan when issuing a land permit for measures that may impair the land's permeability. This law further adopts the Swedish National Climate Strategy into law. The National Climate Strategy concerns municipal land and water use, municipal development and preservation of the built environment, how municipalities intend to meet national climate targets and comply with environmental quality standards, how municipalities aim to consider the plan with respect to other national and regional objectives, how municipalities intend to accommodate long-term housing needs, and how municipalities will consider rural development in coastal zones.",SWE,Sweden,2018,"['drought', 'erosion', 'flood', 'melting', 'other', 'sea_level_rise', 'storm', 'temperature_extremes', 'wildfire']",CCLW
The National Plan for Disaster Response,"The objective of the National Plan for Disaster Response is to guarantee attention to the population affected by dangerous, natural or anthropogenic events, with the establishment of procedures and protocols, generating adequate coordination and inter-institutional coordination. The plan notably focuses on natural disasters as flood and drought. Specific objectives are 1) to provide to the institutions of the National DGR System a tool that guides the fulfillment of the functions, procedures and actions that they must develop during the response to emergencies and disasters, 2) protect life and assets of the affected population, 3)maintain governance and governability during the response, 4) guarantee the planned and orderly intervention of the authorities and institutions through the Emergency Operations Committees, 4)optimize time and available resources  during response operation,5) generate the foundations for the recovery process.",ECU,Ecuador,2018,"['drought', 'flood']",CCLW
Framework Law no 30754 on Climate Change,"The Framework Law on Climate Change, published on April 18, 2018, establishes the principles, approaches and general provisions to coordinate, articulate, design, execute, report, monitor, evaluate and disseminate public policies for the integral, participatory and transparent management of adaptation and mitigation to climate change. The law aims at reducing the vulnerability of the country to climate change, take advantage of the opportunities of low carbon growth and fulfill the international commitments assumed by the State before the United Nations Framework Convention on Climate Change, with an intergenerational approach.    The law establishes responsibilities for the Ministry of Environment of Peru in relation to the country's NDCs: the Ministry must submit an annual report to the Parliament which includes progress on the NDCs, ensure the compliance of the NDC targets and receive reports on sectoral NDCs progress from other ministries and public entities. Peru's NDCs are identified by the law as one of the country's instruments of climate management, with binding nature for the competent authorities and to be considered in their institutional budgets    Article 2 lists a number of principles that the Peruvian State must apply with regards to climate change mitigation and adaptation: the principles of integration, transversality, subsidiarity, accountability, transparency, participation, climate governance and prevention.    Article 16 details how mitigation efforts should be pursued; via carbon sequestration, and the increase of sinks, prioritizing the protection, conservation and sustainable management of forests; afforestation and reforestation; the control of the use and change of land use; sustainable transport; solid waste management; the control of gaseous and e uent emissions; the progressive change of consumption models and the energy matrix to renewable and clean energy; and energy efficiency in the various productive and extractive sectors; among other. On January 1, 2020, the government approved  Supreme Decree 013-2019-MINAM  which regulates the dispositions of the law. It aims at reducing Peru's vulnerability to adverse effects of climate change, foster low-carbon activities, and enable the country to meet its international climate pledges.",PER,Peru,2018,['wildfire'],CCLW
Sri Lanka's Coastal Zone and Coastal Resource Management Plan (CZ&CRMP) for 2024- 2029,"This plan plans to build on post-conflict opportunities to boost the wellbeing of coastal communities. It focuses on shoreline management, conserving coastal habitats, control coastal water pollution, deal with special management areas, and improve regulatory mechanisms. It notably devise strategic schemes to combat floods, sea-level rise and storms. It mandates the country to combat erosion notably by adopting climate compatible technologies and designs for fisheries, tourism and other economic activities located in coastal zones. It also calls for protecting mangroves in order to protect the coast from erosion and ensure carbon storing capabilities. The plan was updated for the 2024-2029 period, in broad alignment. The plan also aims to ensure the availability of contingency measures to mitigate impacts of climate change on coastal features, infrastructure and coastal communities and that systems for timely implementation of such contingency measures and plans are developed. It lists the following proposed actions: 
 
 Collate data from all relevant authorities on climate change parameters such as wind patterns, rainfall, temperature, sea level rise, etc. to predict coastal impacts of sea level rise. 
 establish a database on climate change features relevant to coastal zone management in collaboration with relevant state organisations. 
 establish links with international agencies/global programmes to obtain data and information on climate change, related features and mitigatory actions. 
 analyse impacts of climate change and establish systems for timely adaptive and mitigatory action. 
 Develop an effective mechanism to collaborate with institutions dealing with the scientific and social aspects of natural hazards to minimise impacts and for efficient remedial action. 
 Coordinate inter-agency action required to mitigate impacts of natural hazards in the Coastal Zone and for remedial measures. 
 establish a mechanism through which realistic estimates of sea level rise and other climate change impacts are taken into account routinely in erosion management and development in the Coastal Zone.",LKA,Sri Lanka,2018,"['flood', 'other', 'sea_level_rise', 'storm']",CCLW
National Adaptation Policy 2018-2030 (PNACC) approved by decree 41091-MINAE,"This Policy is proposed as a guiding framework that will guide the country's actions in terms of adaptation. It establishes an overall and sectoral diagnostic about how climate change will impact Costa Rica, synthesises the global and national legal norms under which the government has to place its adaptation efforts, discusses the institutional framework under which these efforts must be undertaken, and develops a strategy.  The general objective of the policy is to ""move towards a model of resilient development of the Costa Rican society, which avoids human losses and moderate the material damages generated by the adverse effects of climate change, contributes to the quality of life of the most vulnerable populations and takes advantage of the opportunities to innovate and transform the productive sectors and ensure the continuity of public services.""  It seeks in particular to strengthen capacities and resilience conditions, reduce vulnerability / damages and losses, and take advantage of opportunities generated by adaptation measures. Human rights, gender equity, focus on indigenous people and integrated solutions are jointly pursued.  The policy further aims to: 1) improve knowledge management on the effects of climate change, climate services and the development of local and institutional capacities 2) Promote conditions for the resilience of human and natural systems through territorial, marine and coastal planning 3) better manage biodiversity, ecosystems, watersheds and marine and coastal spaces for adaptation 4) adapt public services and make infrastructure resilient 5) adapt eco-competitive production systems 6) foster investment and financial security for climate action.",CRI,Costa Rica,2018,"['erosion', 'flood', 'other', 'storm', 'wildfire']",CCLW
National Climate Change Policy 2017-2027,"The National Climate Change Policy establishes 22 strategies in order to ensure that stakeholders address climate change impacts and their causes through the identification, mainstreaming and implementation of adaptation and mitigation measures, while promoting sustainable development. Its main objectives are 1) promote climate-resilient, social, economic and environmental development, 2) explore low-carbon development opportunities, nationally and internationally, in order to promote the sustainable use of resources, 3) strengthen a framework that promotes climate change governance, international cooperation, capacity building, research and systematic observations, clean technology development, transfer and use, education, training and public awareness.  The policy sets out  1) strategies that include legal and other institutional arrangements, 2) resources mobilization strategies and advocates for private sector investment, 3) recommends a Monitoring and Evaluation Framework. The objective of the document is to enhance effective policy implementation, ensuring appropriate utilization of resources, communication of results to decision makers and stakeholders for future action. The implementation of this policy will undergo an independent external evaluation in five years time. The recommendations resulting from this evaluation will then feed into the revision process for the new policy.",LSO,Lesotho,2018,"['drought', 'erosion', 'wildfire']",CCLW
Kiribati Climate Change Policy,"The Kiribati Climate Change Policy is based on seven fundamental principles:  Safeguarding communities and the country as a whole from the adverse impacts of climate change and disasters and ensuring a safe and resilient Kiribati with a healthy environment for all Mainstreaming climate change and disaster risk reduction into development planning, policies, strategies, sector plans, and decision-making and budgeting processes at both national and local level Emphasizing that adaptation, mitigation and disaster risk management are shared responsibilities that require coordinated, integrated, multi-partner, multi-sectoral and whole-of-government or whole-of-island approaches Strengthening key institutions and capacities as a basis for enhanced action and measures to ensure implementation is conducted in an efficient manner Focusing on actions that will strengthen the long-term resilience of Kiribati communities through sustainable environmental, social and economic benefits that combine the use of modern technologies with the preservation of traditional knowledge Ensuring that adaptation, mitigation and disaster risk management are equitable, inclusive, gender-sensitive, community-driven and participatory, and reflect the commitments that Kiribati has agreed to under various multilateral frameworks Strengthening and maintaining strategic partnerships both internally and externally It further establishes national priorities for climate change in ten specific sectors. Important objectives of the policy include integrated coastal zone management, natural resource management, food and water supply management, incentivizing renewable energy and energy efficiency, strengthening ecosystem conservation, improving public awareness of the health effects of climate change, implementing the government's national disaster risk management plan, and improving climate finance.",KIR,Kiribati,2018,"['other', 'sea_level_rise', 'temperature_extremes']",CCLW
National Climate Policy,"The National Climate Policy aims to enable Zimmbabwe to establish the legal structures toregulate businesses in climate-related matters, and enable them to reduce their greenhouse gasesemissions. 
 
The Policy further focuses on adaptation with regard to rural communities and agriculture.",ZWE,Zimbabwe,2018,"['drought', 'flood', 'wildfire']",CCLW
Law no 2018/18 regulating climate change actions,"This law aims at preventing, protecting and managing the consequences of climate change and biodiversity loss for people, animals and vegetation in Benin over the short, medium and long term. The law sets out a framework for reducing greenhouse gas emissions and introduces measures to promote energy efficiency. The law also lays out a framework to take adaptation measures to protect the air, land, water and other natural resources. The law establishes a national Climate Change Committee, reporting to the Minister responsible for climate change, in addition to a Commission responsible for producing economic models on the impacts of climate change, and integrating relevant changes to the state budget.  
 The law also sets out a carbon tax. The modalities for this tax will be fixed by the annual finance law.",BEN,Benin,2018,"['erosion', 'flood', 'other', 'storm']",CCLW
Myanmar Sustainable Development Plan (2018-2030),"The Myanmar Sustainable Development Plan (MSDP) has been designed as a living document that presents practical and implementable pathways toward addressing development challenges. The plan provides a long-term vision founded upon the objective of giving coherence to the policies and institutions necessary to achieve inclusive and transformational economis growth.  The plan is structured around three pillars ('A peaceful, Prosperous and Democratic Myanmar'), five goals (1) Peace, National reconciliation, Security and Good Governance; 2) Economic Stability and Strengthened, Macroeconomic Management; 3) Job Creation and Private Sector Led Growth; 4) Human resources and Social Development for a 21st Century Society; 5) Natural Resources and the Environment for Posterity of the Nation), 28 strategies and 251 action plans.",MMR,Myanmar,2018,"['drought', 'flood', 'other']",CCLW
National Policy and Response Strategy on Climate Change,"This document defines the overarching climate mitigation and adaptation strategy of Liberia, sectoral implications and cross-cutting issues. It notably assesses the country's vulnerabilities to climate change including regarding poverty and forest management. Identified pillars for the policy are improved governance, financing mechanisms, capacity building, technology innovation, infrastructure, integrated planning and data management. The Policy determines that adaptation and disaster risk management efforts should focus on forestry and wildlife, agriculture, coastal areas, water resources, fishery, energy, mining, industry, transport, tourism, infrastructure, urbanisation and settlement, and health.   Mitigation policies include 1) the enhancement of the country's potential for carbon sequestration by promoting conservation, sustainable forest management, community forestry and curbing key drivers of deforestation and forest degradation, which in turn will contribute to sustainable wildlife management, 2) encouraging lowland farming, investing in smallholder agriculture and allowing large-scale concessions on degraded land to avoid and reduce national emissions levels, 3) marching towards universal access to affordable, sustainable, and environmentally friendly low carbon energy services, 4) ensure that the mining sector develops by gradually mixing the use of low emission energy sources and technologies, 5) a low-carbon transport system, and 6) energy recovery from waste.  Crosscutting issues to mainstream in climate policies include communication, education and raising awareness, technology transfer, gender, HIV and AIDS.",LBR,Liberia,2018,"['drought', 'flood', 'other', 'sea_level_rise', 'storm', 'temperature_extremes']",CCLW
Bangladesh Delta Plan 100,"This plan aims at fostering economic growth while eliminating poverty. It notably seeks to ensure safety from floods and climate disasters, sustainable water management, and preserve wetlands.",BGD,Bangladesh,2018,"['drought', 'erosion', 'flood']",CCLW
2050 Climate Strategy,"The Tile Til Eo 2050 Climate Strategy ""Lighting the way"" makes a number of recommendations to achieve the country's objectives of net zero emissions by 2050 and 100 % renewable energy. These include periodic revision of GHG emissions reductions, specific goals such as in the waste sector, and a planning of new climate policies to adopt, such as a National Adaptation Plan by the end of 2019. This Strategy shall be periodically reviewed by the authorities over the period.

The document further promotes 1) the use of public transport, 2) efforts to phase out the use of kerosene for lighting and strengthen existing institutional arrangements to reduce GHGs from cooking and lighting, 3) the establishment of a long-term finance strategy to implement this strategy, 4) the prioritisation of capacity-building in all sectors, and 5) the inclusion of health considerations in the National Adaptation Plan.",MHL,Marshall Islands,2018,"['drought', 'flood', 'sea_level_rise', 'storm']",CCLW
"Resolution of the 8th Meeting of the 12th Central Committee of the Communist Party on the Strategy for Sustainable Development of Vietnam's Sea-Based Economy by 2030, Vision to 2045","The general objectives of the Strategy are set out in section 3(a).Make Vietnam a strong sea power; 
 Develop a sustainable sea-based economy; 
 Shape the marine ecosystem culture; 
 Adapt to climate change and sea rise level; 
 Prevent pollution and degradation of the sea environment, coastal landslides and coastal erosion; and 
 Recover and protect important marine ecosystems. 
 
 Next to that and pursuant to section 3(b), the Strategy sets out specific objectives with the target year 2030. Notably, it sets out objectives for the environment and for the response to climate change and sea level rise: 
 
 Evaluate the potential and values of important sea resources. 
 Prevent, control and dramatically reduce the sea pollution; and give priority to reducing ocean plastic waste within the region. 
 Manage and protect the marine ecosystems in coastal regions and on islands; increase the area of the marine and coastal protected areas; recover the area of the coastal mangrove forest. 
 The potential of disaster risk management, and of observing the sea environment, climate change and sea level rise through technological methods must reach the same as the one of other developed States in the regions. 
 
 As one of the major proposed policies, the Strategy mentions protecting the environment; protecting and sustainably developing marine biodiversity; actively responding to climate change and sea level rise; and preventing and controlling natural disasters.",VNM,Vietnam,2018,"['other', 'sea_level_rise']",CCLW
"The Environmental Quality Decree of the Netherlands (Besluit kwaliteit leefomgeving, Bkl)","The Environmental Quality Decree of the Netherlands (Bkl)  applies to central and local governments and contains: 
 
 Rules on environmental values, including the state's environmental values for the protection of health and the environment, with ambient values having been established for the quality of air, water, and bathing sites. 
 Instruction rules for programmes related to water, including flood risk management, the approach to nitrogen reduction both on a national and municipal level, and rules regarding Natura 2000 areas 
 Rules for the monitoring of environmental values and other parameters, the collection of data, and the provision of information. Moreover, it contains rules dealing with monitoring information on climate change mitigation (e.g. monitoring emissions of greenhouse gases, the states of bird species, natural habitats and the animal and plant species, and ambient values of nitrogen deposition)",NLD,Netherlands,2018,"['flood', 'other']",CCLW
Guidance for municipalities and landowners on coastal protection,"This guidance for municipalities and landowners on coastal protection methods was developed following the amendment to the Coastal Protection Act on 23 January 2018, which stated that citizens should have the opportunity to protect their properties to a greater extent than previously, and that individual landowners should have greater freedom to choose how they want to protect their property if there are technically more options that do not cause a nuisance to neighbours. 
 This guidance therefore focuses on common coastal protection methods, but also contains a short section on risk reduction through non-structural measures for coastal protection (Section 5.4). Risk is defined as the probability of flooding and/or erosion occurring multiplied by the consequences thereof. Risk reduction encompasses a broad spectrum of measures including prevention as well as protection and preparedness. Prevention can, for example, consist of avoiding any future flood damage by not building housing and industrial plants in areas prone to flooding. 
 Protection refers to the more traditional view of coastal protection, where measures are taken, both structural and otherwise, to reduce the risk of flooding and erosion. Preparedness in this context means that citizens are informed about the flood risk and how to behave in the event of flooding. 
 The guidance covers  both solutions that require several landowners to come together to establish coastal protection, the so-called municipal joint projects, and solutions that are intended to be implemented by a single landowner.",DNK,Denmark,2018,"['erosion', 'flood']",CCLW
National Agriculture Strategy 2018-2027,"The strategy aims to ensure by 2030 that the agriculture sector respect the environment, guarantee food and nutritional security for the entire population and ensure a decent income for sectoral actors. It notably seeks to develop the resilience of the sector to adverse effects of climate change.",BDI,Burundi,2018,"['drought', 'flood', 'other', 'temperature_extremes']",CCLW
National Climate Change Adaptation Plan 2018-2022,"The National Climate Change Adaptation Plan 2018-2022 (PNACC-2) is France's second adaptation Plan ( PNACC-1  covered the period 2011-2015). Its general objective is to implement the necessary actions to adapt by 2050, the metropolitan and overseas French territories to expected regional climate change; this in line with the long-term objectives of the Paris Agreement and the relevant objectives of other international conventions. The plan has 6 axes that cover governance, prevention and resilience, nature and environment, economic sectors, knowledge and information and the international scene, each one with specific measures.",FRA,France,2018,"['drought', 'flood', 'sea_level_rise', 'storm', 'temperature_extremes', 'wildfire']",CCLW
"Climate Change Policy for the Public Works, Transport and Housing Sector 2018-2036","This policy emanates from the Ministry for Public Works and Transport (MOPTVDU) and aims to prevent, care for and reduce the vulnerability of the population towards adverse effects of climate change, with a particular focus on the most affected. The document details key concepts and sets the ministry's strategy to design a multi-sectoral plan within its vested powers. The document also has a mitigation component, in particular with regard to urban and transport actions. The strategy laid out in the policy focuses on updating the legal and regulatory framework; enhance knowledge creation and sharing; and promote institutional coordination at all levels while involving citizens. The strategy also discusses financial and budgetary matters (alternative financing mechanisms, MOPTVDU budget, taxes, project management involving international actors).",SLV,El Salvador,2018,['flood'],CCLW
"Climate Resilience Act, 2018","The aims of the Climate Resilience Act are to rebuild Dominica as a climate resilient nation which is better able to withstand future hurricanes, earthquakes and other natural disasters with minimal loss of life and minimal damage to infrastructure, property, and livelihoods. The Act was passed following the devastation caused by Hurricane Maria in 2017.Part III of the Act provides a four year mandate to the Climate Resilience Execution Agency for Dominica (CREAD). The functions of CREAD include the preparation of the Dominica Climate Resilience and Recovery Plan, the implementation of recovery measures, and a number of capacity building and knowledge sharing activities. 
 The Climate Resilience (Extension of Duration) Order, 2021 extended this Act for one further year until 31 December 2023.",DMA,Dominica,2018,"['other', 'storm']",CCLW
Displacement guidelines: In the context of climate change and disasters,Fiji's Displacement Guidelines sit alongside Fiji's Planned Relocation Guidelines and address non-State-led displacement that occurs due to climate change and/or natural hazards. It aims to prevent and minimise the drivers of displacement and provides guidance for both state and Non-state stakeholders.,FJI,Fiji,2019,"['drought', 'flood', 'other', 'sea_level_rise', 'storm']",CCLW
National Biodiversity Strategic Action Plan (NBSAP) 2019-2024,"The National Biodiversity Strategic Action Plan 2019-2024 serves as a roadmap for conserving the rich biodiversity of the country and is closely linked to both the 2050 Vision and 40-year development strategic plan. The mission of this plan is 
 
 Sustainable development measures developed in all sectors to increase resilience to the impacts of climate change and environmental changes 
 Improve understanding of environmental sustainability and climate change with educational awareness on values of biodiversity, and economic opportunities such as carbon trade, payment for ecosystem services, and ecotourism 
 Conserve and wisely use our natural resources and environment, language and cultural identity for the collective benefit of the present and future generations 
 Effective participation and cooperation with national and international community on environment and climate change agendas 
 Realisation, enhancement and establishment of mechanisms for fair and equitable sharing of benefits arising from the utilisation of genetic resources",PNG,Papua New Guinea,2019,"['drought', 'flood', 'other', 'wildfire']",CCLW
National Development Plan 2019/20 - 2021/2022,"This document aims to enable the country's economic recovery following a decade of low growth. It notably seeks to create a low-carbon, resilient economy. Sectoral outcome 5.4 of the plan is to achieve improved National and Community Resilience to Climate Change Induced Disasters and Other Natural Disasters",SWZ,Eswatini,2019,['drought'],CCLW
Protective Forest Action Programme (Aktionsprogramm Schutzwald),"With this action program, the federal government and its partners want to ensure that the forests in Austria continue to offer the best possible protection against natural hazards and the risks resulting from them. The challenges posed by climate change require a sustainable, active, site-adapted management and measures for the adaptation of plant communities. It includes the 2050 vision to ""Together for a strong protective forest in Austria: climate-fit - sustainable - economical"". Overall, 1 million euros are invested in research, and 100 million euros in the implementation, with the aim of strengthening forests. 
 The Action programme has 4 targets, with 10 flagship measures 
 
 Making protective forests fit for the future 
 Achieving more together for protective forests 
 Strengthening the awareness for protective forests 
 Making protective forests attractive",AUT,Austria,2019,"['erosion', 'flood', 'other', 'storm', 'wildfire']",CCLW
National Strategy for Climate Change 2050 (Executive Decree 34/2019),"This document sets the country's vision for mitigation and adaptation to climate change. It notably seeks to boost the production and use of renewables, protect coastal regions, create green jobs, integrate transport networks and build infrastructure for non-motorised modes, design a carbon market, manage the GHG emissions, boost adaptation capabilities and contribute to the socioecological wellbeing at all levels.",PAN,Panama,2019,['sea_level_rise'],CCLW
Climate Relocation of Communities Trust Fund Act 2019: An act to establish a trust fund for the planned relocation of communities in Fiji that are adversely affected by climate change; Act No. 21 of 2019,This act establishes a trust fund for the planned relocation of communities in Fiji that are adversely affected by climate change. The purposes of the Fund are to receive and disburse financing for planned relocation activities and related matters.,FJI,Fiji,2019,['sea_level_rise'],CCLW
National Adaptation Planning (NAP) to Climate Change in Albania ,"The NAP is the adaptation component of the National Climate Change Strategy (NCCS), which was approved by the Decision of the Council of Ministers no. 466 on July 3, 2019. The overall vision of the The National Adaptation Planning (NAP) is an Albania resilient to climate change. The NAP is a long-lasting process that establishes an implementation framework, supported through access mechanisms to finances, outreach and involvement, capacity building and monitoring. It includes goals and indicators, with 3 key objectives to be achieved before 2035: 
 
 Damages through floods are reduced 
 Agricultural resilience against floods is enhanced 
 Drinking water quality is secured despite impacts from climate change 
 
 The implementation of the NAP is provided through ""priority actions"" of importance for climate resilience in Albania. It also contributes to fulfilling 4 of the 6 strategic priorities on climate change action from the NCCS. Namely, 1) Strengthen the capacity of relevant institutions and inter-institutional cooperation to address climate changes issues 2) streamline climate changes across sectoral strategic planning 3) reinforce the capacity and awareness on climate change issues 4) align to the EU Climate Change framework across sectors.",ALB,Albania,2019,['flood'],CCLW
National Plan for Adaptation to Climate Change until 2030,"This Plan, which was adopted by the Cabinet Order 380/2019, has been designed as a national-level long-term (for the period until 2030) development planning document. The goal and objectives of the Plan are closely linked to the UN 17 Sustainable Development Goals until 2030 and also the UN Sendai Framework for Disaster Risk Reduction 2015–2030. The Plan describes the climate change observed so far in Latvia and identifies adaptation solutions for various risks and opportunities related thereto. The plan sets out the overall goal of climate change adaptation and 6 (six) strategic objectives, 14 (fourteen) lines of action and 89 (eighty-nine) measures covering early warning systems, resilient infrastructure, climate-adapted buildings, water and drainage systems, ecosystem protection, invasive species control, and improved climate monitoring, data and research.",LVA,Latvia,2019,"['flood', 'storm', 'wildfire']",CCLW
Eleventh National Development Plan (2019-2023),"This plan was approved by the National Assembly's Decision 1225/2019 and sets the country's vision for stronger, sustainable socioeconomic development. Below is a non-exhaustive list of climate-related clauses in the plan: 385.5.  Supports will be provided and arrangements will be made to expand the use of domestically manufactured electrical buses in urban and suburban transport. 406.5.  In order to prevent water losses due to evaporation by taking into account the effects of climate change, studies will be carried out to establish underground water basins and dams. 410.6.  Action plans will be prepared to combat invasive species and agricultu- ral pathogens in connection with climate change. 411.6.  Product pattern change scenarios in agriculture will be established in order to adapt to climate change. 491.  Electricity generation from renewable energy sources will be increased and necessary planning and investments will be realised in order to ensure the safe integration of renewable energy generation to the grid. 491.3.  Energy storage systems, including pumped storage HEPP, will be installed in order to eliminate the constraints of increasing renewable energy on the grid. 674.  Cities, in coordination with the development vision, will be planned with an approach that supports polycentric, mixed-use, and provides accessibility; where harmonisation with topography and addressing disaster risk, climate change, geographical characteristics and historical va- lues in spatial plans will be taken as a basis. 676.  Within the scope of green city vision, in order to improve the quality of life and adapt to climate change, Millet Gardens will be built in cities and the amount of green spaces will be increased.",TUR,Türkiye,2019,"['drought', 'other']",CCLW
Climate Change Sectoral Adaptation Plan - Flood Risk Management,"The long-term goal adopted by the Office of Public Works (OPW) on climate adaptation for flooding and flood risk management is: 
 Promoting sustainable communities and supporting our environment through the effective management of the potential impacts of climate change on flooding and flood risk. 
 To deliver on this goal, the OPW has identified the following adaptation objectives: 
 •         Objective 1: Enhancing our knowledge and understanding of the potential impacts of climate change for flooding and flood risk management through research and assessment 
 •         Objective 2: Adapting flood risk management practice to effectively manage the potential impact of climate change on future flood risk 
 •         Objective 3: Aligning adaptation to the impact of climate change on flood risk and flood risk management across sectors and wider Government policy",IRL,Ireland,2019,['flood'],CCLW
Burundi's REDD+ National Strategy and Action Plan,"The goal of the strategy is that by 2027, Burundi should be a country with a forest carbon stock, allowing to increase the national economy and improve the living environment of the populations. Burundi's updated NDC mentions the approval of a revised National Forestry Strategy in 2021, but this document has not been found elsewhere.",BDI,Burundi,2019,"['drought', 'flood', 'other']",CCLW
National Guidelines for Preparation of Action Plan - Prevention and Management of Heat Wave,"To respond to increasing frequency and intensity of heatwaves, these guidelines provide a framework to evaluate impacts of heat waves and plan adaptation and mitigation strategies for prevention and preparedness.",IND,India,2019,['temperature_extremes'],CCLW
Netherlands Integrated National Energy and Climate Plan (NECP). 2021-2030,"The National Energy and Climate (NECP) Plan is a ten-year integrated document  mandated by the European Union  to each of its member states in order for the EU to meet its overall greenhouse gases emissions targets.  The Energy and Climate Plan addresses all five dimensions of the EU Energy Union: decarbonisation, energy efficiency, energy security, internal energy markets and research, innovation and competitiveness. The plan establishes the following objectives : 1) reduction of greenhouse gas emissions with renewable energy and energy saving; 2) combating climate change with a climate-neutral electricity system. The limited availability of renewable sources in the Netherlands is an important point of concern. Since the Netherlands is located along the coast and the wind is relatively strong, this offers potential for wind energy on land and offshore; 3) a transition to an emission-free mobility system that involves sustainable energy carriers (electricity, biofuels and green hydrogen); 4) homes and other building will be made more energy-efficient  in a sustainable transformation of the built-up environment; 5) to promote a robust and sustainable agriculture which adopts a more efficient approach to raw materials and the environment.",NLD,Netherlands,2019,"['drought', 'flood', 'temperature_extremes']",CCLW
Czechia National Energy and Climate Plan (NECP). 2021-2030,"The National Energy and Climate (ENCP) Plan is a ten-year integrated document mandated by the European Union to each of its member states in order for the EU to meet its overall greenhouse gases emissions targets.   The main part of the National Plan is the setting of the Czech Republic's contribution to the European climate and energy targets concerning the reduction of greenhouse gas emissions, the increase in the share of renewable energy sources and increase of energy efficiency. Quantified objectives are provided for in the plan. There are three energy efficiency-related targets for the period 2021–2030: 1) an indicative target for the size of primary energy sources, final consumption and energy intensity; 2) a binding energy savings target for public sector building, 3) a binding year-on-year rate of final consumption savings.",CZE,Czechia,2019,"['drought', 'erosion', 'flood', 'other', 'storm']",CCLW
National Climate Change Response Strategy,"The National Climate Change Response Strategy (NCCRS) provides a framework for a comprehensive and strategic approach to climate change adaptation, mitigation, technology and finance. The objective of the Strategy is to 'mainstream climate change adaptation and mitigation strategies in economic and social development at national and sectoral levels through multi-stakeholder engagement'. 
The Strategy mainly aims to help the country and its citizens to adapt to severe droughts, increasing temperatures, irregular rainfall patterns and food shortages, attributed in part to climate change effects. 
The risks and impacts of climate change are analysed in the NCCRS, followed by sectoral strategies (agriculture, energy, water, etc.), with varying implementation timeframes. The seven pillars of climate change responses are: 
 
 
 adaptation and disaster risk management 
 mitigation and low carbon development strategies 
 capacity 
 governance framework 
 finance and investment 
 technology development and transfer, including infrastructure 
 communication and advocacy 
 
The Plan also recommends establishing a National Climate Fund to tackle the impacts of climate change, with need for financing evaluated at more than USD 9.9 billion over the next 5 to 10 years",ZWE,Zimbabwe,2019,"['drought', 'erosion', 'flood', 'other', 'temperature_extremes', 'wildfire']",CCLW
Lithuania National Energy and Climate Plan (NECP). 2021-2030,"The National Energy and Climate (ENCP) Plan is a ten-year integrated document  mandated by the European Union  to each of its member states in order for the EU to meet its overall greenhouse gases emissions targets.  The Energy and Climate Plan addresses all five dimensions of the EU Energy Union: decarbonisation, energy efficiency, energy security, internal energy markets and research, innovation and competitiveness. The objectives and targets set out in the plan are : 1) to ensure the quality and sustainability of the use of natural resources, 2) mitigate Lithuania's impact on climate change and increase its climate resilience; 3) to improve the competitiveness of the energy sector; 4) to integrate the Lithuanian natural gas market into the single EU gas market; 5) to connect the Lithuanian power system with the continental European power system for synchronous operation; 6) to ensure the adequacy of the Lithuanian electricity market and power system and increase the share of local electricity generation, 7) to increase the consumption of renewable and alternative fuels in the transport sector and promote sustainable intermodal mobility, 8) to increase the share of renewable energy sources in domestic energy production and gross final energy consumption, 8) to improve the energy efficiency and use of energy from renewable sources in residential and public buildings, etc.",LTU,Lithuania,2019,"['drought', 'erosion', 'flood', 'other']",CCLW
Denmark Integrated National Energy and Climate Plan (NECP). 2021-2030,"The National Energy and Climate (ENCP) Plan is a ten-year integrated document  mandated by the European Union  to each of its member states in order for the EU to meet its overall greenhouse gases emissions targets.  The plan exposes the key objectives and its measures : 1) decarbonisation : reduction of GHG emissions, transport green transition with a stop to sales of all new diesel and petrol cars as of 2030, ban on burning of straw residues on fields, public afforestation and a grant scheme for afforestation on private agricultural land and subsidy for conversion of arable land on organic soils to nature, etc; 2) renewable energy : three new offshore wind farms of at least 800 MW each, reduction of the electrical heating tax and of the electricity tax, support of geothermal energy, etc; 3) energy efficiency : to build a competitive subsidy scheme related to private enterprises, efficiency of existing buildings through renovation, etc; 4) energy security : stable energy supply thanks to laws on responsibilities regarding electricity supply, gas supply and emergency plans, prevention of risks in the energy system, increased international cooperation, interconnectivity concerning energy supply.",DNK,Denmark,2019,"['erosion', 'flood']",CCLW
Italy Integrated National and Energy Climate Plan (NECP). 2021-2030,"The National Energy and Climate (ENCP) Plan is a ten-year integrated document  mandated by the European Union  to each of its member states in order for the EU to meet its overall greenhouse gases emissions targets.  The Energy and Climate Plan addresses all five dimensions of the EU Energy Union: decarbonisation, energy efficiency, energy security, internal energy markets and research, innovation and competitiveness. The plan establishes key objectives : 1) to accelerate the transition from traditional fuels to renewable sources by promoting the gradual phasing out of coal for electricity generation in favour of an electricity mix based on a growing share of renewables; 2) to implement policies and measures in order to reduce greenhouse gases (phase out of coal, higher CO2 price, acceleration of renewables and energy efficiency in manufacturing process level); 3) to use a mix of fiscal, economic, regulatory and policy instruments to ensure an energy efficiency; 4) to become less dependent on imports by increasing renewable sources and energy efficiency and to diversify sources of supply through the use of natural gas, including liquefied natural gas (LNG); 5) to ensure a greater degree of market integration and the development of processes, products and knowledge for the use of renewables, energy efficiency and network technology.",ITA,Italy,2019,"['drought', 'flood', 'other']",CCLW
Portugal National Energy and Climate Plan (NECP). 2021-2030,"The National Energy and Climate (ENCP) Plan is a ten-year integrated document mandated by the European Union to each of its member states in order for the EU to meet its overall greenhouse gases emissions targets.  The Energy and Climate Plan addresses all five dimensions of the EU Energy Union: decarbonisation, energy efficiency, energy security, internal energy markets and research, innovation and competitiveness. It was approved by Council of Ministers' resolution 53/2020.The plan establishes the following objectives : 1) to limit the GHG emissions, to build a strategy based on renewable sources of energy on the path to a carbon neutral economy (electrification of the economy and consumption, promote electric vehicles,introduce of renewable gases); 2) Rehabilitating and making buildings more efficient, to promote active and shared mobility, reinforce public transport and electric mobility ; 3) to diversificate energy sources by the development of endogenous renewable energy resources; 4) to promote interconnectivity in energy markets and systems; 5) to invest in public and private research, innovation and competitiveness.",PRT,Portugal,2019,"['drought', 'erosion', 'flood', 'sea_level_rise']",CCLW
Slovakia Integrated National Energy and Climate Plan (NECP). 2021-2030,"The National Energy and Climate (ENCP) Plan is a ten-year integrated document mandated by the European Union to each of its member states in order for the EU to meet its overall greenhouse gases emissions targets.  The Energy and Climate Plan addresses all five dimensions of the EU Energy Union: decarbonisation, energy efficiency, energy security, internal energy markets and research, innovation and competitivenessThe plan establishes the following goals : 1) building a competitive, low-carbon economy by the optimal use of renewable energy sources,nuclear energy, decarbonised gases and innovative technologies; 2) to promoto energy efficiency thanks to measures foccussing on low-energy manufacturing processes in industry and  improvements in building thermal and technical properties; 3) to support an efficient energy architecture which creates the conditions for energy security (utilisation of domestic energy sources); 4) the deployment of smart energy systems and electricity storage systems to ensure an integrated energy market; 5) to implement  RD programmes.",SVK,Slovakia,2019,"['drought', 'flood', 'wildfire']",CCLW
Malta National Energy and Climate Plan (NECP). 2021-2030,"The National Energy and Climate (ENCP) Plan is a ten-year integrated document  mandated by the European Union  to each of its member states in order for the EU to meet its overall greenhouse gases emissions targets.  The Energy and Climate Plan addresses all five dimensions of the EU Energy Union: decarbonisation, energy efficiency, energy security, internal energy markets and research, innovation and competitiveness. Malta's strategy under the Decarbonisation dimension is to ensure a transition to a low-carbon economy by a reduction of GHG emissions and an increase in renewable energy sources.  In terms of Energy Security, Malta will follow its commitment to achieve a greater security of supply through the diversification of energy sources and suppliers. To ensure Malta's energy integration, the plan establishes policies and measures to increase the flexibility of the energy system. Malta will boost research, innovation and competitiveness : a national RI strategy is expected to be finalised by 2020.",MLT,Malta,2019,"['drought', 'flood']",CCLW
Belgium Updated Final National Energy and Climate Plan (NECP). 2021-2030,"The National Energy and Climate Plan (NECP) is a ten-year integrated document mandated by the European Union to each of its member states in order for the EU to meet its overall greenhouse gases emissions targets.  
 The plan aims to define measures adapted to different dimensions: 1) decarbonisation dimension: reduction of GHG emissions by 35% in 2030 compared to 2005 for non-ET sectors, a Belgian contribution of 17.4% of renewable energies compared to gross final energy consumption; 2) energy efficiency dimension : Belgium has set a contribution to the European target of 32.5% by 2030 (15% in primary energy and 12% in final energy); 3) energy security dimension : one of the most important challenges for Belgium, in the short and medium term. A radical shift in the electricity mix due to the planned gradual phase-out of nuclear power around 2025 is planned; 4) the internal energy market dimension : regarding energy transport infrastructure, efforts will be made in the coming years to strengthen the existing interconnections with France and the Netherlands; 5) research, Innovation and Competitiveness dimension : Belgium is committed to devoting at least 3% of its gross domestic product overall to RD.",BEL,Belgium,2019,"['drought', 'erosion']",CCLW
Austria Integrated National Energy and Climate Plan (NECP). 2021-2030,"The National Energy and Climate (NECP) Plan is a ten-year integrated document mandated by the European Union to each of its member states in order for the EU to meet its overall greenhouse gases emissions targets.Austria's plan aims in particular to improve the development of transport, a sector which still needs improvement in Austria, especially in build-up areas and along transit routes. In that context, decarbonisation implies several objectives and measures : 1) the reduction of GHG emissions (non-ETS) by 36% compared to 2005, 2) to strengthen and develop public transport, 3) a mobility management for businesses, towns and cities, municipalities, regions and tourism, 4) e-mobility in private transport, 5) to green the standard fuel consumption tax and the engine-related insurance tax, 6) to input tax deduction for electric bicycles and motorcycles. Decarbonisation implies measures in the sectors of buildings, agriculture, forestry, waste management, fluorinated gases and spatial planning. For the energy, the main objective is to increase the share of renewable energy in gross final energy consumption of energy to 46-50%, and source 100% of electricity consumption from renewables (nationally/balanced).To achieve this goal, the main instrument remains on taxation (tax advantages/exemptions). The plan also aims to ensure measures concerning : 1) the energy efficiency dimension, 2) the internal energy market dimension, 3) the research/innovation/competitiveness, 4) the evaluation and monitoring.",AUT,Austria,2019,['erosion'],CCLW
Estonia National Energy and Climate Plan (NECP). 2021-2030,"The National Energy and Climate (ENCP) Plan is a ten-year integrated document  mandated by the European Union  to each of its member states in order for the EU to meet its overall greenhouse gases emissions targets. Estonia's long-term objective is to transition to a low-carbon economy, which means gradually reforming the economy and energy system to be resource-efficient, productive and environmentally-friendly in line with the objectives.The use of fossil fuels will be reduced and CO2 emissions will decrease due to energy savings in transport, agriculture, waste management and industrial processes and small-scale power production where energy is produced by facilities with a rated output of less than 20 MWh.To maintain final energy consumption in the period 2021-2030 requires annual energy savings equivalent to 0.8% of the average final energy consumption in the period 2016-2018 Estonia has the highest primary energy intensity of all the EU Member States. Consumption of primary energy is forecast to drop by a quarter in the period 2017-2030.The share of renewables will be increased by changing fossil fuel boilers to renewable fuels, increasing electricity generation from fuel free sources and increased use of biofuels in transport. In the electricity and heating sector, the plan aims at increasing renewable sources.",EST,Estonia,2019,"['erosion', 'flood', 'other', 'wildfire']",CCLW
Finland Integrated Energy and Climate Plan (NECP). 2021-2030,"The National Energy and Climate (ENCP) Plan is a ten-year integrated document  mandated by the European Union  to each of its member states in order for the EU to meet its overall greenhouse gases emissions targets.  The Energy and Climate Plan addresses all five dimensions of the EU Energy Union: decarbonisation, energy efficiency, energy security, internal energy markets and research, innovation and competitiveness. The plain aims : 1) to reduce GHG emissions in the non-emissions trading sector; 2) to increase the share of renewable energy ot the final energy use and of the final energy use in road transport; 3) to promote energy efficiency. The plan outlines the impact of existing policy measures on the projected evolution of greenhouse gas emissions, renewable energy and energy efficiency up to 2040. It describes the effects of the planned policy measures on the energy system, greenhouse gas emissions and sinks, economic development, the environment and public health.",FIN,Finland,2019,"['erosion', 'other']",CCLW
Integrated National Energy and Climate Plan for the Republic of Croatia,"The National Energy and Climate (ENCP) Plan is a ten-year integrated document mandated by the European Union to each of its member states in order for the EU to meet its overall greenhouse gases emissions targets.   The key objectives outlined in the plan are : 1) the reduction in GES, 2) the share of renewable energy sources in the gross final energy consumption and energy efficiency, expressed as consumption of primary energy and direct consumption of energy. Different measures concerning decarbonisation, energy efficiency and security are implemented in electricity, agriculture, building construction, heating, cooling and transport sector.",HRV,Croatia,2019,"['drought', 'erosion', 'flood']",CCLW
Bulgaria Integrated National Energy and Climate Plan (NECP). 2021-2030,"The National Energy and Climate (ENCP) Plan is a ten-year integrated document mandated by the European Union to each of its member states in order for the EU to meet its overall greenhouse gases emissions targets.  The measures of the plan aim : 1) to strengthen policy response and ensure that climate change adaptation is included in the legal framework; 2) to build adaptation capacity and develop financial, social and political guidelines on risk management; 3) to improve knowledge management, research, education and communication with stakeholders.In the context of decarbonisation, the objective is to increase the use of renewable sources in three main sectors which are electric power, transport and energy for heating and cooling.The ENCP set several measures to ensure energy efficiency and security : 1) the diversification of the supply of energy resources; 2) increasing the flexibility of the national energy system; 3) addressing constrained or disrupted supply of energy sources for the purpose of enhancing the resilience of regional and national energy systems; 4) improving interconnectivity and information security (cybersecurity).",BGR,Bulgaria,2019,"['drought', 'erosion', 'flood', 'other']",CCLW
Cyprus’ Integrated National Energy and Climate Plan (NECP). 2021-2030,"The National Energy and Climate (ENCP) Plan is a ten-year integrated document  mandated by the European Union  to each of its member states in order for the EU to meet its overall greenhouse gases emissions targets.    The plan establishes 'key policy planning priorities' with specific measures :1) GHG emissions and removals : promotion of natural gas and RES, reduction of emissions in the transport, agricultural and waste sector, increasing carbon sinks and improving energy efficiency in building and infrastructure; 2) Renewable energy sources : promotion of synergies with other sectors (Energy Efficiency, Waste, Security of supply) to promotion RES in all energy sectors, support schemes for RES to participate in the Electricity Market, etc; 3) Energy efficiency : energy efficiency obligation scheme for energy distributors, implementation of information and education measures, etc; 4) Security of supply : increasingthe flexibility of the national energy system5) Internal Energy market : promotion of electricity interconnectivity of Cyprus via the project of common interest EuroAsia Interconnector, etc;",CYP,Cyprus,2020,"['drought', 'erosion', 'other']",CCLW
Latvia National Energy and Climate Plan (NECP). 2021-2030,"The National Energy and Climate (ENCP) Plan is a ten-year integrated document  mandated by the European Union  to each of its member states in order for the EU to meet its overall greenhouse gases emissions targets.  The Energy and Climate Plan addresses all five dimensions of the EU Energy Union: decarbonisation, energy efficiency, energy security, internal energy markets and research, innovation and competitiveness.  The plan setstargets including on greenhouse emissions reduction, share of RES in energy consumption in transport, share of advanced biofuels and biogas in energy consumption in transport and interconnection.The measures and principles set out in the Plan are based on full introduction and implementation of the 'polluter pays' principle.",LVA,Latvia,2020,"['drought', 'flood', 'storm']",CCLW
Climate Change Policy of the Kingdom of Bhutan 2020,"The Climate Change Policy restates the commitment made by the Royal Government of Bhutan at the COP15 to remain carbon neutral, which was reiterated on its Nationally Determined Contribution (NDC) in the Paris Agreement. It aims to provide guidance to achieve a climate resilient and carbon neutral economy that contributes to gross national happiness. The policy was formulated in a participatory manner and it wishes to ensure a continued participation of relevant stakeholders in climate change action.  The policy has 4 main statements: carbon neutrality, building resilience to climate change, means for implementation and effective and coordinated actions.",BTN,Bhutan,2020,"['flood', 'other', 'storm', 'wildfire']",CCLW
Republic of Fiji National Ocean Policy 2020-2030,"Fiji's National Ocean Policy lays out Fiji's commitment to the 100 percent sustainable management of our ocean and its designation of 30 percent marine protected areas by 2030. It serves as a cross-ministerial policy to create an umbrella-framework to provide high-level leadership and coordination, ensure stakeholder participation, and fulfil existing ocean and coastal resource management commitments.",FJI,Fiji,2020,"['flood', 'other', 'storm']",CCLW
National Drought Plan,"Botswana has been subject to droughts in the last decades with wide ranging negative effects on all sectors of the economy. The plan encourages all key government and private stakeholders to a proactive approach to drought management. Key strategies explored are expanding drought risk knowledge also among the citizens, drought monitoring and warning services, communication and dissemination systems, and lastly developing governance and institutional arrangements for drought management. Climate change exacerbates droughts and feeds into all aspects of the plan.",BWA,Botswana,2020,['drought'],CCLW
National Oceans Policy of Papua New Guinea 2020-2030,"The National Oceans Policy of Papua New Guinea 2020-2030 has as vision ""A healthy ocean that achieves responsible sustainable development outcomes and aspirations of Papua New Guinea, whilst addressing and mitigating impacts of climate change, natural disasters, anthropogenic waste and land-based sources of pollution"". The supporting objectives are centred around strengthening the implementation of policies, facilitating capacity building, marine technology, and enhancing knowledge of oceans through research and development.",PNG,Papua New Guinea,2020,"['other', 'sea_level_rise']",CCLW
Ninth National Development Plan 2020-2024,"This document sets the government's plan to ensure economic growth and reduction of poverty within the next five years. It notably aims to increase the country's resilience to adverse effects of climate change, enhance water security and boost the production and use of renewable energy sources.",SOM,Somalia,2020,['drought'],CCLW
Sweden Integrated National Energy and Climate Plan (NECP). 2021-2030,"The National Energy and Climate (ENCP) Plan is a ten-year integrated document mandated by the European Union to each of its member states in order for the EU to meet its overall greenhouse gases emissions targets.  The Energy and Climate Plan addresses all five dimensions of the EU Energy Union: decarbonisation, energy efficiency, energy security, internal energy markets and research, innovation and competitiveness.   The plan sets out the following objectives: 1) to reduce GHG emissions thanks to medium and long-term targets and to increase the share of renewable energy in gross energy consumption; 2) to ensure energy efficiency with targets, roadmaps for the renovation of the national stock of residential and non-residential buildings, both public and private; 3) to ensure energy security by increasing the diversification of energy sources and supply from third countries; 4) to develop measures for the interconnectivity of the internal energy market; 5) to develop the use of new technologies and new services to make the transition to a sustainable energy system.",SWE,Sweden,2020,"['flood', 'other']",CCLW
Spain Integrated National Energy and Climate Plan (NECP). 2021-2030,"The National Energy and Climate (ENCP) Plan is a ten-year integrated document mandated by the European Union to each of its member states in order for the EU to meet its overall greenhouse gases emissions targets.  The Energy and Climate Plan addresses all five dimensions of the EU Energy Union: decarbonisation, energy efficiency, energy security, internal energy markets and research, innovation and competitiveness.  The plan sets out the following objectives: 1)  to become a carbon-neutral country by 2050 by decreasing the gross total GHG emissions in the electricity, transport, industry sectors ; 2) to promote energy efficiency thanks to the penetration of renewable energy in final energy consumption, efficiency measures to the transport, industry and building sectors, energy saving targets; 3) to ensure energy security by the diversification of the national energy mix, the use of indigenous sources and increase the flexibility of the national energy system; 4) interconnectivity, energy transmission infrastructure, integration of the internal energy market; 5) to strengthen technology transfers, promote public-private partnership and business research and innovationm, etc.The government released a second version of the plan in September 2020.",ESP,Spain,2020,"['drought', 'erosion', 'flood', 'other']",CCLW
National Biodiversity Strategy and Action Plan for Fiji 2020-2025,"The updated National Biodiversity Strategy and Action Plan lays out the progress, successes and gaps in Fiji's efforts towards effective and enduring conservation measures. It takes into account the catalytic effect that climate change has on biodiversity loss and discusses how to build resilience against climate change for biodiversity conservation. As a mandatory document under the Convention on Biological Diversity it assesses Fiji's current state of biodiversity and lays out strategies for conservation and sustainable use of biodiversity.",FJI,Fiji,2020,"['flood', 'other']",CCLW
Ministry of Waterways and Environment Strategic Plan 2020-2024,"This Strategic Plan by the Ministry of Waterways and Environment lays out the plan for identification and better management of environment and waterways risk in Fiji. It builds on the assumption that waterways are a cornerstone for other economic sectors and integral for social development. It sets out two goals, to build resilience to climate change, and set the ministry up to be a reliable regulator.",FJI,Fiji,2020,"['flood', 'sea_level_rise']",CCLW
Slovenia Integrated National Energy and Climate Plan (NECP). 2021-2030,"The National Energy and Climate (ENCP) Plan is a ten-year integrated document  mandated by the European Union  to each of its member states in order for the EU to meet its overall greenhouse gases emissions targets.  The Energy and Climate Plan addresses all five dimensions of the EU Energy Union: decarbonisation, energy efficiency, energy security, internal energy markets and research, innovation and competitiveness.The plan establishes the following key objectives : 1) to reduce GHG emissions in transport, agriculture, general consumption, waste management, indutry, energy sectors, to reduce the use of fossil energy sources ( phasing out consumption of coal, support for the implementation of pilotprojects for the production of synthetic methane and hydroge), to increase the share of renewables in energy end-use; 2) to improve energy and material efficiency in all sectors; 3) to rovide additional financial, human and technical resources to expedite the integrated development of the electricity distribution network to reinforce resistance to disruption and boost connectivity; 4) to invest in human resources and new knowledge, to support businesses for a competitive transition to a climate-neutral and circular economy, to promote new RD programmes.",SVN,Slovenia,2020,"['drought', 'flood', 'storm']",CCLW
France Integrated National Energy and Climate Plan (NECP). 2021-2030,"The National Energy and Climate (ENCP) Plan is a ten-year integrated document  mandated by the European Union  to each of its member states in order for the EU to meet its overall greenhouse gases emissions targets. The Energy and Climate Plan addresses all five dimensions of the EU Energy Union: decarbonisation, energy efficiency, energy security, internal energy markets and research, innovation and competitiveness.  The plan is based on two national energy and climate programming and governance documents: 1)  the  multi-year energy program , which sets the priorities for actions of the public authorities in the field of energy for the next 10 years, divided into two 5-year periods. It deals with all energies and all the pillars of energy policy: control of energy demand, promotion of renewable energies, guarantee of security of supply, control of energy costs, balanced development of networks, etc.2) the  national low-carbon strategy , which is France's roadmap for leading the climate change mitigation policy. It provides guidelines for implementing the transition to a low-carbon economy in all sectors of activity. It defines objectives for reducing greenhouse gas emissions at the scale of France in the short and medium term - carbon budgets - and aims to achieve carbon neutrality by 2050.",FRA,France,2020,['other'],CCLW
Romania Integrated National Energy and Climate Plan (NECP). 2021-2030,"The National Energy and Climate (ENCP) Plan is a ten-year integrated document  mandated by the European Union  to each of its member states in order for the EU to meet its overall greenhouse gases emissions targets.  The Energy and Climate Plan addresses all five dimensions of the EU Energy Union: decarbonisation, energy efficiency, energy security, internal energy markets and research, innovation and competitiveness.  The plan establishes the following objectives and measures : 1) Decarbonisation : promoting investments in new low-carbon power generation capacities, using the revenues from the EU ETS Mechanisms and the Structural Funds pertaining to the new Multiannual Financial Framework, implementing the best available technologies (BAT)  to reduce GHG emissions and to increase energy efficiency in the industrial sector, fostering the use of rail transport for transport of passenger,  promoting the use of renewable energy in transport (electromobility in road transport and the use of biofuels); 2) Energy efficiency : increasing energy efficiency in the industrial and residential sectors, developing alternative mobility; 3) Energy security : encouraging the development of energy storage capacities;4) Internal energy market : liberalisation of energy markets, regional integration of the internal energy market;5) Research, innovation and competitiveness : adopting advanced technologies in the energy sector.",ROU,Romania,2020,"['drought', 'erosion', 'flood', 'other', 'sea_level_rise']",CCLW
Dominica Climate Resilience and Recovery Plan 2020-2030,"The Dominica Climate Resilience Recovery Plan (CRRP) was created under the terms of the Climate resilience Act, 2018 and gives full effect to the National Resilience Development Strategy developed in 2018. The CRRP creates targets, defines initiatives and outlines resources required to implement resilience measures.  The Plan also confirms Dominica's commitment to becoming 'carbon neutral' by 2030, The description of this target in Annex 2 notes that carbon neutrality will be ""achieved   through 100% domestic renewable energy production, and increase of protected forest areas to 67% of Dominica's land mass."" Annex 2 also provides details on a number of other ambitious targets concerning community and economic resilience, sustainable infrastructure, and the protection of natural assets among other matters.",DMA,Dominica,2020,['storm'],CCLW
Germany Integrated National Energy and Climate Plan (NECP). 2021-2030,"The National Energy and Climate (ENCP) Plan is a ten-year integrated document  mandated by the European Union  to each of its member states in order for the EU to meet its overall greenhouse gases emissions targets.  The Energy and Climate Plan addresses all five dimensions of the EU Energy Union: decarbonisation, energy efficiency, energy security, internal energy markets and research, innovation and competitiveness.  The plan provides an overview of the country's energy and climate policy as well as the current status of plans in these areas. Several measures and strategies are implemented to address the five dimensions of the EU Energy Union : 1) Decarbonisation : implementation of the Climate Action Plan 2050 and the Climate Action Programme 2030, better regionalisation of growth of renewable energies, increase the consumption of self-generated electricity, subsidies for electrically powered vehicles (environmental bonus), etc;2) Energy efficiency : energy efficiency strategy for buildings, tax incentives for energy-related building renovations, carbon pricing in the heating and transport sectors, etc;3) Energy security : Act on the Security of the Electricity and Gas Supply, national preventive action and emergency plans for natural gas, etc; 4) Internal energy market : promote interconnectivity (regional cooperation), etc; 5) Research, innovation, competitiveness : greater involvement of start-ups, increased technology transfer, etc.",DEU,Germany,2020,['other'],CCLW
Vanuatu Recovery Strategy 2020-2023,"The aim of the Vanuatu Recovery Strategy is to support communities impacted by Tropical Cyclone (TC) Harold and COVID-19, by providing a framework to recover, rebuild and emerge stronger and more resilient. Section 1 outlines the challenge that TC Harold in combination with COVID-19 created. Section 2 responds to the social, economic and environmental impacts of the compound disaster to set out the core priorities for the next three years. It sets out guiding principles for the recovery, conducts an assessment of needs, and sets recovery objectives, strategies and outcomes.One recovery strategy is to strengthen disaster preparedness, response and recovery mechanisms and structures. This relates to climate and disaster resilience and aims at fostering a a strong and resilient nation in the face of climate change and disaster risks posed by natural and man-made hazards, as set out in the NSDP.Another climate change-related recovery strategy is to support sustainable self-reliance, including food self-sufficiency. As an outcome, this sub-strategy envisions improved farming practices, use of technology and traditional knowledge, crop choices including climate and disaster resilience and strategic import substitution.",VUT,Vanuatu,2020,['storm'],CCLW
Luxembourg Integrated National Energy and Climate Plan (NECP). 2021-2030,"The National Energy and Climate (ENCP) Plan is a ten-year integrated document  mandated by the European Union  to each of its member states in order for the EU to meet its overall greenhouse gases emissions targets. The Energy and Climate Plan addresses all five dimensions of the EU Energy Union: decarbonisation, energy efficiency, energy security, internal energy markets and research, innovation and competitiveness.The plan establishes the following central objectives: 1) Decarbonisation: reduction of GHG emissions, increase the share of renewable energy in the gross final energy consumption by cooperating with other EU Member States;2) Energy efficiency: new fossil-free single-purpose and residential buildings, developing renewable heating networks, preventing traffic through massive expansion of public transport and electromobility;3) Energy security: reduce dependence on electricity imports by expanding renewable energy, intensify regional cooperation in the field of security of electricity and gas supply;4) Internal energy market: no further development of national gas infrastructure, combining the sectors of electricity, heat and transport by means of sector coupling;5) Research, innovation and competitiveness:  implementation of a nationwide energy transition 'zero carbon', promote resilient urban and spatial development in conjunction with urban/spatial planning, Luxembourg to become an attractive location for climate solutions providers and start-up, introduction of a carbon tax increase, etc.",LUX,Luxembourg,2020,['other'],CCLW
Forest Fund Act,"Pursuant to section 1, the objectives of this Act are to compensate forest owners for damage caused by climate change, particularly bark beetle proliferation; to reduce the infestation of Austrian forests by bark beetles; to develop climate-smart forests and strengthen biodiversity; and to strengthen the use of wood as a raw material in order to actively contribute to climate protection.  To reach these objectives, section 2 sets up a forest fund for which 350 million euros shall be made available from federal funds.",AUT,Austria,2020,['other'],CCLW
Ireland National Energy and Climate Plan (NECP). 2021-2030,"The National Energy and Climate (ENCP) Plan is a ten-year integrated document  mandated by the European Union  to each of its member states in order for the EU to meet its overall greenhouse gases emissions targets.  The Energy and Climate Plan addresses all five dimensions of the EU Energy Union: decarbonisation, energy efficiency, energy security, internal energy markets and research, innovation and competitiveness.  The plan establishes key measures to address the five dimensions of the EU Energy Union : 1) Decarbonisation : to reduce emissions from sectors outside the EU's Emissions Trading System, carbon pricing to create behavioural change and avoid locking in carbon intensive technologies, eliminate non-recyclable plastic and impose higher fees on the production of materials which are difficult to recycle, promote the increased use of domestic harvested wood in longer lived product, mainstream biodiversity across the decision making process in the State, increase electricity generated from renewable sources to 70%, etc;2) Energy efficiency : to set stricter requirements for new buildings and substantial refurbishment, 600,000 heatpumps installed over the period 2021-2030, scale-up and improve the Sustainable Energy Communities and Better Energy Communities, etc; 3) Energy security : to support efforts to increase indigenous renewable sources in the energy mix, including wind, solar and bioenergy, etc; 4) Internal energy market : continue to deepen the integration of IRL's wholesale electricity market and its regulation with the EU internal energy market (IEM), etc;5) Research, innovation and competitivenes : to increase investment in knowledge-based capital, to strengthen delivery of public funding for basic and applied research to meet Ireland's decarbonisation objectives, etc.",IRL,Ireland,2020,"['flood', 'other']",CCLW
Adaptation to climate change in Switzerland: Action Plan 2020-2025,"This second action plan regulates implementation in the years 2020-2025. The 2020-2025 action plan comprises 75 measures at the federal level. 63 of these measures are activities in the sectors of water management, dealing with natural hazards, soil protection, agriculture, forestry, energy, housing, tourism, biodiversity management, health (humans and animals), and spatial development. 12 measures cross-sectoral. 
 The action plan aims to improve the knowledge base, transfer knowledge, coordinate, and promote the implementation of the Adaptation Strategy. The measures have been prioritized by the responsible federal agencies and will be specified and implemented by them as part of the respective sector policy. They are intended to help manage the risks of climate change in Switzerland, exploit any opportunities that arise, and increase the adaptability of the systems. They are brought together in the action plan from a cross-sectoral perspective to coordinate the approach to overcoming the challenges of climate change.",CHE,Switzerland,2020,"['drought', 'flood', 'melting', 'other', 'temperature_extremes']",CCLW
National Climate Change Adaptation Plan 2021-2030,"The National Climate Change Adaptation Plan is a reference framework for the co-ordination of the Public Administrations in the activities of impact assessment, vulnerability studies and adaptation to climate change in Spain. This document replaces an earlier version published in 2006 and spanning the period 2006-2020. The Plan considers a series of ecological systems and socio-economic sectors for impact assessment, vulnerability studies and adaptation to climate change: biodiversity, hydro resources, forests, agricultural sector, coastal areas, continental hunting and fishing, mountain areas, fishing and marine ecosystems, transport, human health, industry and energy, tourism, financial services, urban planning and construction. The Plan aims to facilitate and to provide continuous assistance to all the interested administrations and organisations - public and private, at all levels, to evaluate the impacts of climate change in Spain in the sector/system of their interest, and to provide all the information available on the subject, and the available elements, tools and assessment methods, for purposes of promoting the process of participation between the ones involved that can lead to the definition of the best adaptation options to climate change.",ESP,Spain,2020,"['drought', 'erosion', 'flood', 'other', 'sea_level_rise', 'storm', 'wildfire']",CCLW
Zimbabwe Vision 2030,"Zimbabwe Vision 2030 embodies the aspirations towards a Prosperous Upper Middle-Income Nation by 2030, in line with the Sustainable Development Goals and African Union Agenda 2063. It provides for plans to partner with development partners to ""broaden climate change mitigation and adaptation activities to include critical elements such as water management and harvesting measures to mitigate the effects of drought, respect for biodiversity and wetland management issues.""",ZWE,Zimbabwe,2020,['drought'],CCLW
National Drought Plan,"This Plan contains measures to tackle the increasingly severe and frequent droughts which Montenegro has become more vulnerable to, due to climate change. There are adaptation measures for various impacted sectors including the water sector, forestry, agriculture, health, tourism, and social impact.",MNE,Montenegro,2020,['drought'],CCLW
"National Development Strategy 1, 2021-2025","The National Development Strategy (NDS) 1 is Zimbabwe's first five-year Medium-Term Plan aimed at realising the country's Vision 2030 on national development while simultaneously addressing the global aspirations of the Sustainable Development Goals (SDGs) and Africa Agenda 2063. Climate Change adaptation, mitigation and disaster risk management are identified as a priority in achieving the national targets.  Strategies identified for improved climate action include: 
 
 Prioritising the mainstreaming of climate change and related financing in all national programmes; 
 Strengthening early warning systems; 
 Promoting climate-smart innovations and technology transfer; 
 Strengthening capacity building and awareness of climate change adaptation and mitigation; 
 Upgrading meteorological radar seismology and weather station network; 
 Implementing disaster risk management; 
 Cloud seeding; 
 Promoting low emissions development pathways and 
 Promoting the reduction of greenhouse gases and alternative energy solutions.",ZWE,Zimbabwe,2020,"['drought', 'flood', 'storm', 'temperature_extremes']",CCLW
National Infrastructure Strategy,"This strategy notably aims to enhance the country infrastructures' quality and to enable the overall net zero emissions goal by 2050. It defines how the government will boost growth and productivity across the Union. The document states that the country will 1) keep decarbonising its power, heat and transport networks while enhancing its adaptation capabilities, 2) support private investment alongside the  Energy White Paper , 3) reform the planning system to improve its functioning and speed, and 4) focuses on technology to transform its economy, from electric vehicles, to hydrogen heating systems and 5G.",GBR,United Kingdom,2020,['flood'],CCLW
National Drought Plan and resilience framework for Somalia,"The National Drought Plan and the Drought Impact & Needs Assessment and Recovery & Resilience Framework are two separate, complementary documents. The Drought Plan seeks to provide Somalia with a system and mechanism to mitigate droughts and enable the establishment of a resilient society that can withstand the drought shocks. It focuses on the following strategic themes: 1) Drought Monitoring and Prediction, 2) Drought Impact assessment, 3) Drought Preparedness through sustainable use of Water, Land and Natural resources, and 4) Improving Emergency Drought Response. The Recovery and Resilience Framework aims to provide the basis for policymaking, institutionalisation and financing of recovery and long- term development. It is supported by the Drought Impact & Needs Assessment that provides an assessment of drought damage and loss impacts and an estimation of recovery and resilience needs.",SOM,Somalia,2020,['drought'],CCLW
Strategic Emergency Management Guideline 4 - Climate Change Adaptation,"The Strategic Emergency Management (SEM) Guideline 4 – Climate Change Adaptation, provides guidance that addresses: a) Consideration of climate change projections for Ireland during the response to emergencies and in emergency planning, b) Ensuring that relevant likely impacts of climate change in Ireland on diverse sectors are addressed, in order to build resilience to climate change across Irish society and the economy, c) Where to find information on climate change projections, predicted impacts, adaptation options, and national policy on climate change adaptation, in particular, the National Adaptation Framework (NAF) and Sectoral Adaptation Plans, d) National, regional and local coordinating structures for climate change adaptation, and e) Integration of national policy and approaches within the wider European Union (EU) and international policy on climate change adaptation. 
 This Guideline is part of the Strategic Emergency Management (SEM) National Structures and Framework document, approved by the Government on 26 July 2017. The SEM identifies 50 different emergency/incident types across a range of lead government departments. It provides the basis for national-level strategic emergency management and the support required should such emergencies occur were a national-level response is warranted, including security-related emergencies.",IRL,Ireland,2020,"['flood', 'storm']",CCLW
The Sixth Carbon Budget,"The fifth carbon budget (adopted in June 2016) has set emission reduction levels to 57% compared with 1990 levels. It covers the period between 2028-2032 and is in line with the UK's global commitments. The recommended budget and its latest progress report, the CCC (Committee on Climate Change) listed some recommendations in the form of priorities for policy development, including:  
 
 Enabling mature low carbon energy sources (e.g. onshore wind) to come to market 
 Defining how energy efficiency improvements shall be financed and delivered 
 Increasing adoption of low carbon heat, which includes policies to overcoming behavioural barriers 
 Extending vehicle efficiency targets through the 2020s, coupled with policies to increase use of electric vehicles 
 
 
 In order to decarbonise effectively by 2050, the CCC has called for all new investment from 2020 onwards in power to be low carbon, excluding back-up and balancing plant. From 2035 onwards, the same will apply to all investments in transport and head.The sixth carbon budget was adopted by Parliament on June 22th, 2021.",GBR,United Kingdom,2020,['other'],CCLW
National Strategy on Internal Displacement Management 2021,"The National Strategy on Internal Displacement Management addresses internal displacement in Bangladesh caused by climate-related disasters such as floods, tropical cyclones, storm surges, and droughts. It provides a comprehensive framework to manage displacement across three phases: pre-displacement, during displacement, and post-displacement (durable solutions). The Strategy is aligned with international frameworks, including the UN Sendai Framework for Disaster Risk Reduction (2015–2030), the UN Guiding Principles on Internal Displacement (1998), and the 2030 Agenda for Sustainable Development Goals (SDGs).",BGD,Bangladesh,2021,"['drought', 'flood', 'storm']",CCLW
Papua New Guinea Fisheries Strategic Plan 2021-2030,"The Papua New Guinea Fisheries Strategic Plan 2021-2030 is an overarching framework to align strategic purposes, priorities, actions and outcomes for the fisheries sector. The negative impacts of climate change on the fisheries sector can be devastating, including the rising sea temperatures and sea levels which in turn impacts the oceans, ecosystems and fish stocks. This increases the importance to consider ways to climate proof the sector, focusing on adaptive management approaches, mitigation, and resilient strategies. These include the rising sea temperatures and sea levels which in turn impacts the oceans, ecosystems and fish stocks.",PNG,Papua New Guinea,2021,"['sea_level_rise', 'temperature_extremes']",CCLW
Presidential Decree 77/2021 on measures to ensure environmental safety and climate sustainability,"This decree approves 1) Regulations on the State Committee on Ecology and Climate of the Kyrgyz Republic in accordance (Appendix 1), and 2) the management scheme of the State Committee for Ecology and Climate of the Kyrgyz Republic (Appendix 2). It notably aims at lowering the impact of air pollution on health, improve waste management systems, tackle soil erosion, mainstream ecological thinking within the public sector and policymaking, and assess GHG emissions.",KGZ,Kyrgyzstan,2021,['erosion'],CCLW
National Forestry Strategy 2014-2023,"The National Forestry Strategy was prepared then by the Ministry of Agriculture and Rural Development and now by the Ministry of Agriculture, Forestry and Water Management, based on the draft document prepared by the consulting team engaged in the framework of the FODEMO project (Forestry Development in Montenegro project). 
 The Strategy contains actions relating to increasing the resilience of forests; developing the timber industry; rural development; biodiversity protection, including increasing the resistance of forests to the effects of climate change and other threats; and improving the management of forest fires.",MNE,Montenegro,2021,['wildfire'],CCLW
"""Roofs To Reefs"" National Resilience Plan","This plan aims at protecting the population's private and community roofs from extreme weather events, such as tropical storms. It also seeks to encourage the use of renewable energy sources, rainwater harvesting, and nature-based solutions to reduce runoff into the coastal environment. This document has been identified in Barbados' updated NDC, however the text itself is not publicly available.",BRB,Barbados,2021,['storm'],CCLW
Polish National Plan for Counteracting the Effects of Drought (2021–2027),"The Polish National Plan for Counteracting the Effects of Drought ( Plan przeciwdziałania skutkom suszy (PPSS))  is the first national planning document addressing the issue of minimizing the effects of drought. Its development stemmed from the provisions of EU directives and guidelines (the Water Framework Directive) as well as national law (Article 184 of the Water Law Act). It was adopted by the Regulation of the Minister of Infrastructure on 15 July 2021 (Dz.U. 2021 poz. 1615). 
 It provides a comprehensive analysis of drought risk, outlines proposals to increase available water resources, enhance natural and artificial retention, and sets out a detailed catalogue of measures to reduce the impacts of drought on society, the economy and the environment. The plan is structured around four specific goals: effective water resource management, increasing water retention, education and coordination on drought issues, and mechanisms for implementation and financing. While not an investment plan itself, PPSS includes proposals for water infrastructure projects and retention solutions and complements other national water-management planning instruments, helping improve resilience to drought and secure water availability.",POL,Poland,2021,['drought'],CCLW
Decree on energy and environmental performance requirements for building construction in metropolitan France (No. 2021-1004 of 29 July 2021),This Decree outlines the requirements for buildings in respect of the energy design; the primary energy consumption; the limitation of the impact on climate change associated with energy consumption; the limitation of the impact of building components of climate change; and the limitation of discomfort in the building during the summer.,FRA,France,2021,['temperature_extremes'],CCLW
National Action Plan on Heat Related Illnesses,"The National Action Plan on Heat Related lllnesses, developed with inputs from various governmental and non-governmental experts, is intended to be used by government and private health care facilities, health departments, and policymakers tasked with strengthening health facilities and emergency response. This document provides guidance to manage severe heat-related illnesses and to report them under National Heat Related 
 Illness surveillance.",IND,India,2021,['temperature_extremes'],CCLW
National Water Resource Strategy 2021-2025,"This strategy sets the government's vision for the water sector over the period 2021-2025. It formulates three goals: 1) Establishing a Functional Water Sector Governance Framework, 2) Operationalising Integrated Water Resources Management, and 3) Improving the Provision of Priority Water Services. It notably aims to respond to climate variability and its impacts on water resources management and development. The strategy is complemented by a roadmap to facilitate its implementation.",SOM,Somalia,2021,"['drought', 'flood']",CCLW
Finance (Miscellaneous Provisions) Act 2021,"This Act sets Mauritius' budget for the fiscal year 2021-2022. It amends existing legislation to insert climate-related clauses. It notably 1) grants to the Bank of Mauritius the ability to issue guidelines, directives, rules or instructions regarding the framework for the issue of sustainable bonds, including blue and green bonds (by amending the Bank of Mauritius Act), 2) improves the legal framework to support the production and use of renewable energy sources, including biomass.",MUS,Mauritius,2021,['erosion'],CCLW
Adaptation strategy to climate change in the Czech Republic,"The Czech Climate Change Adaptation Strategy is a national adaptation strategy and is in line with the  EU Adaptation Strategy . 
 This strategy assesses the likely impacts of climate change, makes proposals for concrete adaptation measures, and discusses legislative and economic consequences. The document further focuses on the monitoring and analysis of adaptation to the environment and public health, but also on forestry, agriculture, water regime in the landscape and water management, urbanised landscape, biodiversity and ecosystem services, tourism, transport, industry, and energy, emergencies and protection of the population. 
 The updated Adaptation Strategy reflects advances in the knowledge base and articulates goals for 2030 with a vision to 2050. Compared to the original document from 2015, there are, among others, updates on climate change trends and impacts or a more detailed analysis of financial costs and economic instruments.",CZE,Czechia,2021,"['erosion', 'other', 'temperature_extremes', 'wildfire']",CCLW
National Agrofood Policy 2021-2030 (NAP 2.0),"The Policy aims to enhance the economic contribution of the agro-food sector to Malaysia's economy. For this purpose, the contribution is measured by various parameters, including the sector's contribution to national GDP, average annual value-added growth, the compound annual growth rate (CAGR) of food trade balance, and food loss. The Policy thus seeks to achieve a paradigm shift towards a sustainable food system adapted to climate change, ensuring that the development of the agro-food sector does not compromise the environment.",MYS,Malaysia,2021,"['drought', 'flood']",CCLW
Infrastructure Investment and Jobs Act,"This Act, also known as the Bipartisan Infrastructure Law, aims to modernise the United States' infrastructure and boost competitiveness. It specifically aims to upgrade roads, bridges and rails, expand access to clean drinking water, ensure universal access to high-speed internet, tackle the climate crisis, advance environmental justice, and invest in vulnerable communities.According to the White House, the following notable transport and energy climate-related actions are enable by this Act: 
 
 Invest $110 billion in additional funding to repair and rebuild roads, bridges and transformational projects with a focus on climate change mitigation, resilience, equity, and safety for all users. The legislation also includes the Safe Streets and Roads for All program to support projects to reduce traffic fatalities. 
 Improve transport options for all citizens while reducing greenhouse emissions. The document includes $39 billion of new investment into public transport, representing more than 24,000 buses, 5,000 rail cars, 200 stations, and thousands of miles of track, signals, and power systems in need of replacement. In total, the new investments and reauthorisation in the Bipartisan Infrastructure Deal provide $89.9 billion in guaranteed funding for public transit over the next five years. 
 Invest $66 billion in additional funding into passenger rail to eliminate the Amtrak maintenance backlog, modernize the Northeast Corridor, and bring world-class rail service to areas outside the northeast and mid-Atlantic. The Act also seeks to improve the infrastructure for freight rail. 
 Invest $7.5 billion to build a national network of electric vehicle chargers. The legislation will provide funding for deployment of EV chargers along highway corridors to facilitate long-distance travel and within communities to provide convenient charging where people live, work, and shop. This will support the President's goal to get a network of 500,000 EV chargers. 
 Invest $65 billion to upgrade the power infrastructure to deliver clean, reliable energy across the country and deploy cutting-edge energy technology to achieve a zero-emissions future. This should allow to fund new programs to support zero-carbon solutions, and to build resilient transmission lines to facilitate the expansion of renewables and clean energy, while lowering costs. 
 
 The Act further: 
 
 establishes new research agencies and initiatives within the Department of Transport with new funding schemes. 
 aims to improve the electricity grid's resilience and help mitigate potential risk to cause wildfire and to create stronger grid to adapt to other natural disasters including hurricanes. Grants will be given to states or tribes based on project proposals that align with policy goals. 
 seeks to make the country's infrastructure resilient against the impacts of climate change, cyber-attacks, and extreme weather events, by investing over $50 billion to protect against droughts, heat, floods and wildfires, in addition to a major investment in weatherisation. 
 reinstates the chemical excise taxes and invests resources in environmental remediation at Superfund sites to address the legacy pollution threatening local public health. 
 The Department of Energy established the  Office of Clean Energy Demonstrations  after the passing of the law overseeing $20 Billion Federal Investment to Stand Up Clean Energy Projects. 
 
 
 As of March 2025, the status of this entry is likely impacted by the Trump-Vance administration's regulatory rollback on climate action and ongoing litigation challenging the rollback. To learn more about the rollback, visit the  Sabin Center's Climate Backtracker .",USA,United States,2021,"['drought', 'flood', 'temperature_extremes', 'wildfire']",CCLW
National Climate Change Adaptation Plan 2021,"Madagascar's National Climate Change Adaptation Plan 2021 is centred around three strategic areas 1) strengthen the governance and integration of adaptation 2) implement a priority sectoral action programme and 3) financing adaptation to climate change.  
 
 Overall, the adaptation plan includes the following goals: 
 
 Establishment of a green belt to strengthen the fight against desertification and resilience to climate change 
 Strengthening the adaptation of the agricultural sector and the resilience of rural populations in the far South 
 Strengthening the resilience of rural populations through the development and organisation of export sectors 
 Strengthening the adaptation of the fisheries sector and developing warning systems and associated action plans  
 Improving access to drinking water in urban and rural areas 
 Strengthening early warning systems to ensure the health sector's resilience in the face of climate change  
 Accelerating reforestation through the operationalisation of the REDD+ mechanism and the development of ecosystem services 
 Improving the conservation of natural forests and the management of protected areas including the development of climate refuge zones in the interior and on the periphery 
 Protection of coastal infrastructures and economic activities (including tourism) against the rise sea level rise 
 Improving early warning systems for cyclones, as part of a regional effort at the level of the Indian Ocean level 
 Development of resilient rice paddies that emit less methane 
 Optimisation of the resilience of new technologies",MDG,Madagascar,2021,"['other', 'sea_level_rise', 'storm']",CCLW
Order on certificates of taking into account energy and environmental performance requirements and carrying out a feasibility study on the various energy supply solutions for building construction in metropolitan France (9 December 2021),"This is the Order of 9 December 2021 on certificates of taking into account energy and environmental performance requirements and carrying out a feasibility study on the various energy supply solutions for building construction in metropolitan France and amending the decree of 11 October 2011 on certificates of taking into account thermal regulations and carrying out a feasibility study on energy supplies for new buildings or new parts of buildings.The study and certificates consider the impact of climate change assoicated with building components including the construction site and requires hte client to undertake to comply with justifying the impact on climate change, and the climate change impacts arising from primary energy consumption and building components. The summer discomfort level is also measured.",FRA,France,2021,['temperature_extremes'],CCLW
National Disaster Preparedness and Response Plan 2022,"The Strategy addresses Tanzania's persistent vulnerability to natural and man-made disasters, exacerbated by factors like climate change, urbanisation, and environmental degradation. The NDMS focuses on building resilience and enhancing humanitarian responses with ten core objectives, aiming to improve understanding, preparedness, and response capacities across all levels of society. Key goals include: 
 
 Promoting understanding of disaster risks to improve community resilience. 
 Enhancing prevention and preparedness strategies to mitigate risks and strengthen community resilience. 
 Implementing comprehensive, people-centered multi-hazard early warning systems. 
 Strengthening disaster response capabilities and improving humanitarian aid delivery. 
 Developing capacity to ""build back better"" in recovery efforts, promoting sustainable rehabilitation. 
 
 Additionally, the NDMS emphasises governance, funding, and private sector investment in disaster risk management, with a focus on inclusivity for vulnerable groups and alignment with regional and international practices.",TZA,Tanzania,2022,"['drought', 'flood', 'other', 'wildfire']",CCLW
National Disaster Management Strategy (NDMS) 2022 -2027,"The goal of this strategy is to provide guidance on disaster risk management interventions in Tanzania in order to enhance socio-economic resilience and humanitarian responses. It also seeks to promote coherence between climate change adaptation, disaster risk reduction, and sustainable development to prevent new and reduce existing and future disaster risks. The strategy provides for a multi-hazard, multi-sectoral, and whole-of-society approach to disaster risk management to achieve resilience for sustainable development at all levels, from national to village level. By adopting a multi-hazard approach, this strategy aims to build resilience to more than one type of risk and to use resources more efficiently.",TZA,Tanzania,2022,"['drought', 'flood', 'other', 'wildfire']",CCLW
Zimbabwe National Strategy and Action Plan for Plant Genetic Resources for Food and Agriculture 2022 - 2032,"The Zimbabwe National Strategy and Action Plan for Plant Genetic Resources for Food and Agriculture (PGRFA), focuses on the conservation, sustainable use, and management of plant genetic resources for food and agriculture in line with international agreements. The strategy aims to enhance the resilience and sustainability of agriculture in the face of climate change, ensuring food and nutrition security. It provides strategies for broad research and development of PGRFA  that are adaptable to climate change centred around 6 components.",ZWE,Zimbabwe,2022,"['drought', 'flood', 'other', 'storm']",CCLW
Decision No. 287/QD-TTg on approval for Planning for Development of the Mekong Delta Region for the 2021 - 2030 Period with Vision towards 2050,"Pursuant to article 1, this Planning Scheme sets out the development of the Mekong Delta region for the 2021 - 2030 period with a vision towards 2050. The Plan lists climate change adaptation as one of its development viewpoints, overall objectives and specific goals. Such adaptation considerations are incorporated across the whole Plan within the agriculture, coastal zones and water sectors.  Furthermore, section VII. is dedicated to climate change adaptation in the region specifically.  It sets development objectives by 2030 for upper delta areas, mid-delta areas and coastal areas, and outlines a vision towards 2050, focusing on floods and water supply.",VNM,Vietnam,2022,['flood'],CCLW
"Bangladesh Third Country Investment Plan - Sustainable, Nutrition Sensitive and Resilient Food Systems 2021 -2025 (CIP3)","The Investment Plan aims to mobilise and direct funding toward sustainable, nutrition-sensitive, and resilient investments that will enhance food and nutrition security while significantly contributing to the achievement of the Sustainable Development Goals. The plan highlights the importance of integrating climate change adaptation and mitigation measures into food production and distribution systems to ensure food security and nutrition. It also emphasises enhancing the resilience of food systems against climate-related shocks and stresses, promoting sustainable agricultural practices, and improving communities' capacity to adapt to the impacts of climate change.",BGD,Bangladesh,2022,"['drought', 'flood', 'sea_level_rise', 'storm', 'temperature_extremes']",CCLW
Decree on the energy and environmental performance requirements for the construction of office and primary or secondary education buildings in metropolitan France (No. 2022-305 of 1 March 2022),"This Decree sets the requirements that must be met by office and primary or secondary education buildings, in respect of energy design, energy consumption, climate change impacts, and limitation of discomfort during the summer.",FRA,France,2022,['temperature_extremes'],CCLW
Guidance on planning for flood and erosion prevention,"The Housing and Planning Agency, in collaboration with the Danish Environmental Protection Agency, the Danish Coastal Directorate, the Danish Institute for Infrastructure and Transport, the Danish Agency for Data Supply and Efficiency, the Danish Energy Agency and the Danish Local Government Authority, have prepared this guidance, which can support municipalities in their work with preventive planning for flooding and erosion. 
 In the future, Denmark is expected to experience more severe weather, which may mean more floods and more coastal retreat (erosion). This can be expensive – both for the private economy and the economy as a whole. Physical planning is an important tool when municipalities need to secure new and existing urban and summer house areas against flooding and erosion. 
 The guidance provides factual knowledge about the legal possibilities and concrete examples from existing municipal plans and local plans, where municipalities have incorporated flood protection and prevention in their planning in various ways. It is hoped that this guidance can create a good basis for how the rules in the Planning Act can contribute to preventing flooding and erosion.",DNK,Denmark,2022,"['erosion', 'flood']",CCLW
Guidance on climate adaptation in planning,"The Danish Housing and Planning Agency, in collaboration with the Danish Environmental Protection Agency, the Danish Coastal Directorate, the Danish Institute for Water Resources and Energy and in dialogue with the Danish Council for Local Government, has prepared a guide that was first published in 2019 and is now available in a final version. The guide provides guidance on the rules of the Planning Act from 2018, which require the designation of areas threatened by flooding and erosion, as well as the establishment of mitigation measures when planning for new urban areas, densification of existing cities or special technical facilities within the designated areas.",DNK,Denmark,2022,"['erosion', 'flood']",CCLW
14th Five-Year Plan for Urban Drainage and Flood Prevention System Construction Action Plan,"This Plan includes an action to strengthen the assessment of urban waterlogging risks, with the analysis of the changing characteristics of local rainstorms in time and space under the context of climate change. This assessment involves the timely revision of the urban rainstorm intensity formula and urban flood control and drainage planning, fully considering flood risks, and compiling urban waterlogging risk maps. The construction of new urban areas should strengthen site selection demonstration, rationally lay out urban functions, and strictly implement drainage and flood control facilities, storage space, rainwater runoff and vertical control requirements. The Ministry of Housing and Urban-Rural Development, the Ministry of Water Resources, and the China Meteorological Administration are responsible according to their respective duties.",CHN,China,2022,['flood'],CCLW
Fiji National Climate Finance Strategy (2022),The National Climate Finance Strategy serves as the investment blueprint from 2022-2029 for a climate-resilient and low-carbon economy. It sets out priorities in 12 sectors that are to be financed until 2030 and takes key policies and legislation into account.,FJI,Fiji,2022,"['flood', 'other', 'storm']",CCLW
The National Strategy on Adaptation to Climate Change 2022-2030 (First version),"The National Strategy on Adaptation to Climate Change for the period 2022- 2030 to 2050 (SNASC) and the National Action Plan for implementation of the National Strategy on Adaptation to Climate Change (NSSAC) focus on adaptation strategies in the following sectors/areas: 
 
 Forests 
 Biodiversity and ecosystem services 
 Population, public health and air quality 
 Education and awareness 
 Cultural heritage 
 Urban systems 
 Agriculture and rural development 
 Energy 
 Transport 
 Tourism 
 Industry",ROU,Romania,2022,"['drought', 'erosion', 'flood', 'other']",CCLW
Cambodia's National Cooling Action Plan (NCAP),"This National Cooling Action Plan (NCAP) is developed in collaboration with the United Nations Environment Programme (UNEP) and the United Nations Economic and Social Commission for Asia and the Pacific (UNESCAP). The cooling sector in Cambodia contributed 6.27 million tons of carbon dioxide (CO2) equivalent emissions in 2020. Cooling is used in diverse sectors of the economy, and is rapidly expanding in Cambodia following economic and population growth.   
 The plan follows the National Cooling Action Plan Methodology that is created by the Cool Coalition. It includes cross-sectoral domestic targets for cooling and interventions for supporting all economies that are vulnerable to risks associated with heat stress. The target is to reduce emissions by 17% by 2040, and reduce electricity consumption for cooling by 20% by 2040. Monitoring and evaluation are also critical components.  
 The NCAP is centred around five main areas 
 
 Building Space Cooling 
 Food cold Chain 
 Health-care Cold Chain 
 Mobile Air Conditioning 
 Process Cooling",KHM,Cambodia,2022,['temperature_extremes'],CCLW
National Adaptation Plan of Bangladesh (2023-2050),"The National Adaptation Plan (NAP) of Bangladesh (2023–2050) presents a long-term vision for enhancing climate resilience across all sectors of the economy. It outlines priority actions to reduce climate vulnerabilities, protect ecosystems, and assist communities in adapting to the impacts of climate change. The overall goal of the plan is to build a climate-resilient nation through effective adaptation strategies that foster a strong society, support ecosystems, and promote sustainable economic growth. The NAP integrates adaptation measures into national planning processes and encourages sustainable practices to protect essential sectors, including agriculture, water resources, health, and infrastructure. The following goals are established: 
 1. Ensure protection against climate change variability and induced natural disasters. 
 2. Develop climate-resilient agriculture to secure food, nutrition, and livelihoods. 
 3. Create climate-smart cities to enhance the urban environment and overall well-being. 
 4. Promote nature-based solutions for the conservation of forestry, biodiversity, and community well-being. 
 5. Strengthen governance by integrating adaptation strategies into planning processes. 
 6. Foster transformative capacity-building and innovation for climate change adaptation. 
 The principles guiding the NAP include: recognizing that priority sectors are interconnected and require a multidisciplinary approach; ensuring that the NAP process is driven by the country's needs and is participatory, inclusive, and gender-sensitive; promoting nature-based solutions; engaging the private sector; and maintaining financial integrity through effective monitoring, evaluation, and learning.",BGD,Bangladesh,2022,"['drought', 'flood', 'storm', 'temperature_extremes']",CCLW
 Flood Risk Management Plan (PZRP): River basin: Danube,"Directive 2007/60/EC of the European Parliament and of the Council of 23 October 2007 on the assessment and management of flood risks (Floods Directive) requires, among other things, the preparation of flood risk management plans. The President of the National Water Management Authority is responsible for developing flood risk management plans in accordance with the Water Law Act. 
 The Flood Risk Management Plan (PZRP) encompasses all elements of flood risk management, with particular emphasis on flood prevention and protection measures, as well as information on the state of preparedness in the event of a flood. Pursuant to the Water Law Act, flood protection is implemented in a manner that ensures coordination with activities aimed at achieving environmental and water protection objectives. Flood Risk Management Plans (PZRP) were developed for 6 river basins. 
 The Regulation of the Council of Ministers of 18 October 2022 adopted the Flood Risk Management Plan for the Danube river basin, which entered into force on 23.12.2022.",POL,Poland,2022,['flood'],CCLW
Flood Risk Management Plan (PZRP): River basin: Niemen,"Directive 2007/60/EC of the European Parliament and of the Council of 23 October 2007 on the assessment and management of flood risks (Floods Directive) requires, among other things, the preparation of flood risk management plans. The President of the National Water Management Authority is responsible for developing flood risk management plans in accordance with the Water Law Act. 
 The Flood Risk Management Plan (PZRP) encompasses all elements of flood risk management, with particular emphasis on flood prevention and protection measures, as well as information on the state of preparedness in the event of a flood. Pursuant to the Water Law Act, flood protection is implemented in a manner that ensures coordination with activities aimed at achieving environmental and water protection objectives. Flood Risk Management Plans (PZRP) were developed for 6 river basins. 
 The Regulation of the Council of Ministers of 18 October 2022 adopted the Flood Risk Management Plan for the Niemen (Niemna in Polish) river basin, which entered into force on 23.12.2022.",POL,Poland,2022,['flood'],CCLW
Flood Risk Management Plan (PZRP): River basin: Pregoły,"Directive 2007/60/EC of the European Parliament and of the Council of 23 October 2007 on the assessment and management of flood risks (Floods Directive) requires, among other things, the preparation of flood risk management plans. The President of the National Water Management Authority is responsible for developing flood risk management plans in accordance with the Water Law Act. 
 The Flood Risk Management Plan (PZRP) encompasses all elements of flood risk management, with particular emphasis on flood prevention and protection measures, as well as information on the state of preparedness in the event of a flood. Pursuant to the Water Law Act, flood protection is implemented in a manner that ensures coordination with activities aimed at achieving environmental and water protection objectives. Flood Risk Management Plans (PZRP) were developed for 6 river basins. 
 The Regulation of the Council of Ministers of 18 October 2016 adopted the Flood Risk Management Plan for the Pregoły River Basin Area in line with the Water Act of 18 July 2001, which was later replaced by the Regulation of the Minister of Infrastructure of 18 October 2022 on the adoption of the Flood Risk Management Plan for the Pregoły River Basin District, which entered into force in 23.03.2023, now in line with the Water Act of 20 July 2017 that superseded the former.",POL,Poland,2022,['flood'],CCLW
Flood Risk Management Plan (PZRP): River basin: Elbe,"Directive 2007/60/EC of the European Parliament and of the Council of 23 October 2007 on the assessment and management of flood risks (Floods Directive) requires, among other things, the preparation of flood risk management plans. The President of the National Water Management Authority is responsible for developing flood risk management plans in accordance with the Water Law Act. 
 The Flood Risk Management Plan (PZRP) encompasses all elements of flood risk management, with particular emphasis on flood prevention and protection measures, as well as information on the state of preparedness in the event of a flood. Pursuant to the Water Law Act, flood protection is implemented in a manner that ensures coordination with activities aimed at achieving environmental and water protection objectives. Flood Risk Management Plans (PZRP) were developed for 6 river basins. 
 The Regulation of the Council of Ministers of 26 October 2022 adopted the Flood Risk Management Plan for the Elbe river basin, which entered into force on 23.12.2022.",POL,Poland,2022,['flood'],CCLW
Flood Risk Management Plan (PZRP): River basin: Odry,"Directive 2007/60/EC of the European Parliament and of the Council of 23 October 2007 on the assessment and management of flood risks (Floods Directive) requires, among other things, the preparation of flood risk management plans. The President of the National Water Management Authority is responsible for developing flood risk management plans in accordance with the Water Law Act. 
 The Flood Risk Management Plan (PZRP) encompasses all elements of flood risk management, with particular emphasis on flood prevention and protection measures, as well as information on the state of preparedness in the event of a flood. Pursuant to the Water Law Act, flood protection is implemented in a manner that ensures coordination with activities aimed at achieving environmental and water protection objectives. Flood Risk Management Plans (PZRP) were developed for 6 river basins. 
 The Regulation of the Council of Ministers of 18 October 2016 adopted the Flood Risk Management Plan for the Odra River Basin District in line with the Water Act of 18 July 2001, which was later replaced by the Regulation of the Minister of Infrastructure of 26 October 2022 on the adoption of the Flood Risk Management Plan for the Odra River Basin District, which entered into force in 22.03.2023, now in line with the Water Act of 20 July 2017 that superseded the former.",POL,Poland,2022,['flood'],CCLW
"Decree No. 58, establishing the Interministerial Committee for a Just Hydric Transition","This Chilean presidential decree establishes an advisory Interministerial Committee for a Just Hydric Transition, designed to counsel the President on policy and institutional reforms necessary for a fair transition in water management. The creation of this body is framed by constitutional mandates, environmental regulation, sustainable development, alongside Chile's international commitments under the Paris Agreement and the Climate Change Framework Law. The pressing need for such a committee arises from a prolonged drought exacerbating socio-environmental degradation and the fragmented nature of current water management, involving numerous actors and often conflicting interests, thus necessitating a coordinated, systemic approach.The Committee's primary functions include advising the President on reforms for a just hydric transition based on equity, environmental justice, sustainability, and gender; facilitating inter-ministerial coordination; proposing coordinated policies, plans, legal modifications, and other measures to achieve a just transition; and receiving updates on relevant initiatives from member ministries. The Committee will meet at least quarterly, adopting decisions by absolute majority, with the Ministry of the Environment providing technical and administrative support through a dedicated Technical Secretariat.The decree specifies operational aspects, allowing the Committee to form subcommittees for specific tasks and invite other organisations and actors as necessary. Participants serve ad-honorem, and the Committee can establish its own operational procedures beyond those outlined in the decree. Ultimately, this body is tasked with fostering collaboration across State Administration bodies to achieve the objectives of a just hydric transition in response to the prevailing water crisis and broader ecological challenges facing Chile.",CHL,Chile,2022,"['drought', 'other']",CCLW
Ecological Planning Forest Roadmap: Collective Action for a Protected and More Resilient Forest,"The forest roadmap aims to rethink the forest of tomorrow, in all its components, from upstream to downstream. It sets five lines of work, developed in particular from the 25 measures resulting from the Forest Forum held between October 2021 and March 2022: 
 
 Better risk prevention and fire fighting; 
 Adapting the forest to climate change; 
 Sustainable management of forests; 
 Restore and preserve biodiversity, ecosystem services and forest soils; 
 Structure and develop the sector to better value wood products.",FRA,France,2022,['wildfire'],CCLW
Disaster Risk Management Act 2022,"The Act provides for a disaster risk management policy and framework through the establishment of the Inter-Ministerial Committee on Disaster Risk Management and Disaster Risk Management Authority. The purpose of the Act is to develop, promote and implement a holistic, comprehensive, integrated and proactive approach for lessening the socio-economic and environmental impacts of disasters, including climate change, reduce risk, and promote the involvement and participation of all relevant sectors and stakeholders at all levels of society. 
 There shall be a National Disaster Risk Management Policy, National Disaster Risk Management Plan, and National Disaster Emergency Plan, alongside public body and local plans. The Minister responsible for Finance shall prepare a Comprehensive Financial Strategy for Disaster Risk Management to finance risk analysis, risk reduction, preparedness, financial protection, disaster response, rahbilitation and recovery. The Act also provides for information, monitoring and warning sytsems, and emergency and prevention funds.",BHS,Bahamas,2022,['sea_level_rise'],CCLW
Flood Risk Management Plan (PZRP): River basin: Vistula,"Directive 2007/60/EC of the European Parliament and of the Council of 23 October 2007 on the assessment and management of flood risks (Floods Directive) requires, among other things, the preparation of flood risk management plans. The President of the National Water Management Authority is responsible for developing flood risk management plans in accordance with the Water Law Act. 
 The Flood Risk Management Plan (PZRP) encompasses all elements of flood risk management, with particular emphasis on flood prevention and protection measures, as well as information on the state of preparedness in the event of a flood. Pursuant to the Water Law Act, flood protection is implemented in a manner that ensures coordination with activities aimed at achieving environmental and water protection objectives. Flood Risk Management Plans (PZRP) were developed for 6 river basins. 
 The Regulation of the Council of Ministers of 18 October 2016 adopted the Flood Risk Management Plan for the Vistula River Basin Area in line with the Water Act of 18 July 2001, which was later replaced by the Regulation of the Minister of Infrastructure of 18 October 2022 on the adoption of the Flood Risk Management Plan for the Vistula River Basin District, which entered into force in 23.03.2023, now in line with the Water Act of 20 July 2017 that superseded the former.",POL,Poland,2022,['flood'],CCLW
Flood Risk Management Plan 2023-2027,"Flood Risk Management Plan 2023-2027 incorporates climate predictions, and implements the National Climate Change Management Strategy (2012) among other policies. The plan notes widespread hydrological regime changes across Lithuania, and acknowledges the increased risk of several flooding types due to climate change, alongside a possible decrease in spring flooding events.",LTU,Lithuania,2023,['flood'],CCLW
Flood Risk Management Plan,The second Flood Risk Management Plan (FRMP) refers to Romania's National Climate Change Strategy and provides information on the potential impacts of climate change on floods.,ROU,Romania,2023,['flood'],CCLW
Action Plan for Resilient and Concerted Water Management,"This Action Plan aims to guarantee quality water for all and preserved ecosystems. Its 53 measures aim to respond to three major issues: sobriety of use, quality and availability of the resource given the increasing droughts in the face of climate change. This plan also improves the response to drought crises. 
 The objectives are: 
 
 secure the supply of drinking water  by reducing leaks; 
 enhance unconventional waters  (REUT, rainwater, grey water, etc.), by developing 1000 reuse projects in the territory, by 2027; 
 improve storage in soils, groundwater, works  by remobilising existing resources, and meet the need to develop agricultural hydraulics, in compliance with regulations. 
 
 The general means to achieve the objectives are: 
 
 improve the governance of water management , by including all actors around open, more effective and more readable governance; 
 ensure adequate pricing and a level of financing for water resource management , with the objective of ensuring the financing of water policy and better encouraging sobriety in uses and better performance of networks; 
 invest in research and innovation  throughout the water management value chain, in order to cross levels of innovation.",FRA,France,2023,['drought'],CCLW
Security Strategy for the Kingdom of the Netherlands (De Veiligheidsstrategie voor het Koninkrijk der Nederlanden),"Outside of national safety concerning the geopolitical balance of power and instability, as well as in today's digital world, this report includes the security strategy for ""a ready and resilient society"" to protect national security from climate and natural disasters, and the potential impact of climate change. Specifically for the Netherlands, it discusses the risk of drought, and wildfires, whereas for the Caribbean part of the Kingdom it discusses the threat of hurricanes and its consequences potentially being even greater if critical infrastructure and other processes are protected. It also refers to the rise in sea levels posing a significant threat to the Kingdom of the Netherlands. Moreover, it discusses the social tension that may arise from the increasing inequality or fundamentally different views on how to address climate change and the energy transition.  
 Line of Action 9 discusses the need to intensify climate mitigation and adaptation, and discusses the priorities for 2023-2029, below discussed in short:   
 A. Achieve climate mitigation goals and reduce international footprint 
 B. Increase the urgency of the implementation of national and international climate plans and agreements 
 C. Ensure that the Netherlands is fully circular by 2050 
 D. Ensure security of supply for critical materials needed for the energy and digital transitions 
 E. Take into account the risks to national security in the area of spatial planning 
 F. Strengthen the approach to wildfire prevention 
 G. Define a long-term approach to the effects of climate change for the Caribbean part of the Kingdom 
 H. Take climate risks and resilience into account in strategic and security policy 
 I. Disseminate Dutch knowledge regarding climate vulnerability and risk assessment, and stress the importance of following a conflict-sensitive approach in climate efforts 
 J. Contribute to greater water security and water safety in fragile states",NLD,Netherlands,2023,"['drought', 'flood', 'sea_level_rise', 'storm', 'wildfire']",CCLW
Coastal Zone Management Programme 2023-2032,"The Coastal Zone Management Programme 2023-2032 aims primarily to preserve and restore coastal landforms and ecology, alongside reducing the impacts of climate change on Lithuania's coastline. The key climate measure in the plan is a significant restoration of dune systems, which alongside ecological aims is intended to reduce the risk to increased future storm surges to inland settlements and infrastructure.",LTU,Lithuania,2023,['flood'],CCLW
Adverse Weather and Health Plan (2024-2025 and 2025-2026),"The first edition of the Adverse Weather and Health Plan (AWHP) aims to protect individuals and communities from the health effects of adverse weather and to build community resilience in England. The Plan is focused on achieving the following four goals: Prevent the increase in years of life lost due to adverse weather events, prevent mortality due to adverse weather events, prevent morbidity due to adverse weather events and reduce the use of healthcare services due to adverse weather events. 
 The Second Edition of the AWHP has been developed based on feedback, recommendations from reports, and reflections from the experience of implementing the first edition of the plan. The plan is centered around the same four goals, and includes nine action areas for delivery, namely 1) service delivery 2) capacity building 3) organisational arrangements 4) communication 5) risk management 6) early warning systems 7) data analysis 8) quality assurance 9) policy development and accountability. The second edition is also expanded to include a review of the AHWP guidance and further clarificaion of the role of the AWHP in improving long-term resilience.",GBR,United Kingdom,2023,"['drought', 'flood', 'temperature_extremes']",CCLW
Circular Guide for the Implementation of Water Use Restriction Measures during Droughts,"This Guide is meant for departments responsible for prescribing water use restrictions in mainland France and its overseas territories. It outlines the hydrological drought management system in order to optimise the organisation of crisis management and water shortage situations. Beyond annual drought management, the provisions of this guide are intended to be coordinated with the implementation of structural actions to reduce crisis episodes (by aiming for a maximum of two years out of ten requiring water use restriction orders), anticipate the effects of climate change, and avoid any risk of drinking water supply disruptions. It contains sections on restriction measures; adaptation of restriction measures to a user's request; publicity of orders for temporary restriction of water use; monitoring of water use restriction measures; measures taken at the national level to support action in the territories; the hydrological anticipation and monitoring committee; and the maintenance and deployment of national monitoring networks.",FRA,France,2023,['drought'],CCLW
The National Strategy regarding the prevention and combating of desertification and land degradation 2021-2030,"Given the negative consequences of desertification and land degradation, this strategy aims to prevent and mitigate these processes by applying integrated measures aimed at long-term resource management. These measures will contribute to achieving land degradation and desertification neutrality by meeting the objectives and targets set by the 2030 Agenda to which Romania has committed itself to implement at national level.  
 It includes the target to by 2030, combat desertification, land restoration and degraded land and soils, including land affected by desertification, drought and floods; and strive to achieve a land degradation neutral world, but also other interlinked objectives.  
 The implementation period of the National Strategy on Preventing and Combating Desertification and Land Degradation is 2021-2030. 
 Specific objectives that will underpin the achievement of the overall objective to be met through the Strategy are the following: 
 1. Centralisation and evaluation of the data obtained from studies on the phenomenon of desertification in Romania carried out to date. 
 2. Analysis of the progress made at national level in the field of combatingdesertification 
 3. Identification and assessment of the projected environmental effects of the Strategy based on two scenarios: in the absence of the Strategy and by meeting the recommendations. 
 4. Establishment of measures to prevent, reduce, compensate and monitor effects of desertification on the environment according to the three scenarios. 
 5. Provide technical assistance/advice to the Ministry of Environment, Water and Forests on desertification until the completion of the contracted works. 
 6. Informing the public about desertification by organising debates and public consultations on the National Strategy on Prevention and Control of Desertification. 
 7. Drawing up the environmental report in accordance with the legal requirements in force and its endorsement by the competent authorities. 
 8. Preparation of the appropriate assessment study in accordance with the legal requirements in force. in force and its endorsement by the competent authorities. 
 9. Elaboration of the National Strategy on Prevention and Combating Desertification and Land Degradation and its endorsement by the competent authorities.",ROU,Romania,2023,"['drought', 'erosion', 'flood', 'other']",CCLW
The Third National Adaptation Programme (NAP3) and the Fourth Strategy for Climate Adaptation Reporting  ,"This Programme consolidates policies and actions to address the climate change risks and opportunities identified in the third Climate Change Risk Assessment (CCRA3), as section 58 of the Climate Change Act 2008 requires. This programme covers England and non-devolved functions across the UK. It emphasises climate action in key areas, such as: infrastructure; natural environment; health, communities and built environment; business and industry; international impacts; adaptation reporting power and supporting evidence. The programme is organised around the themes of ""action"", ""information"", and ""coordination""  to provide for a comprehensive approach to adapt to climate change by ensuring that government actions are more targeted, informed, and well-coordinated over the five-year NAP period.",GBR,United Kingdom,2023,"['flood', 'temperature_extremes']",CCLW
Towards a climate-resilient society in 2050 - Federal adaptation measures 2023-2026,"This adaptation report contains a set of federal adaptation measures, aimed at limiting the negative impacts of climate change as much as possible. It discusses the possible climate scenarios for Belgium and the future impacts of climate change. The document includes 28 federal adaptation measures, divided into 8 domains for action  
 
 Research  
 Biodiversity  
 Infrastructure  
 Natural resources  
 Public health  
 Disaster and crisis management  
 International cooperation  
 Awareness",BEL,Belgium,2023,"['drought', 'flood', 'sea_level_rise', 'storm', 'temperature_extremes']",CCLW
National heatwave warning framework (2023),"The purpose of the National Heatwave Warning Framework (the Framework) is to provide the foundation for a consistent approach to heat health and heatwave warnings across Australian state and territories. The primary intent of the Framework is to reduce the health impact of heatwaves, noting that heatwaves also adversely impact sectors such as water, energy, infrastructure, agriculture and transport. 
 Improving knowledge of heat hazards can assist people and organisations to prepare for, and cope with, the effects of extreme heat and the impacts of a changing climate. The capacity of people and organisations to act is enhanced by nationally consistent and aligned guidance that clarifies methods, approaches, roles and responsibilities.",AUS,Australia,2023,['temperature_extremes'],CCLW
National Strategy for Disaster Risk Reduction 2023-2035,"The Strategy aims to, inter alia, provide useful information for future investment decisions related to disasters and climate resilience. The Strategy also contributes to the progresive achievement of various Sustainable Development Goals (SDGs), such as: Taking urgent action to combat climate change and its impacts. The Strategy will be implemented through an Action Plan, which will be updated every 3 years, depending on the results obtained in achieving the proposed objectives.",ROU,Romania,2023,"['drought', 'flood', 'other', 'wildfire']",CCLW
"Law no. 5069 of 2023. Conditions of building, construction, permitted land uses for data centres, zoning and urban planning regulations, utilisation of Green Fund resources, other environmental and energy provisions and other urgent provisions","The primary objective of the law is to establish a comprehensive framework for the conditions of building and construction, permitted land uses for data centres, zoning and urban planning regulations, and the utilisation of Green Fund resources. The law also includes other environmental and energy provisions and addresses urgent issues related to these areas. 
 Some of the key provisions included in the law are: 
 
 Implementation of targeted measures for the development of renewable energy sources, including the installation of photovoltaic stations and wind farms. 
 Measures and incentives should be provided to increase energy efficiency in urban planning, public buildings, infrastructure, and public facilities. 
 The stipulation of mandatory flood protection and infrastructure restoration work to mitigate the impacts of climate change. 
 It requires the preparation and implementation of local waste management plans that focus on reducing waste pollution. 
 Measures for improving forest fire fighting and regulating logging operations for the installation of photovoltaic plants to protect forest areas and enhance their resilience to climate change should be included. 
 Specific procedures for using Green Fund resources to finance actions and projects aimed at environmental protection and energy efficiency are outlined.",GRC,Greece,2023,['flood'],CCLW
National strategy for water management 2023-2035,"This National Strategy for Water Management presents a vision to achieve the European objectives assumed by Romania as an EU Member State, namely ""zero pollution"" and energy independence by 2050, strengthening adaptive capacity and minimising vulnerability to the consequences of climate change in terms of water resource security, through a socially equitable transition, in a cost-effective manner. 
 
 Strategic objective 1. Integrated water resources management to ensure sustainable use of water resources 
 Strategic objective 2. Manage and protect water resources to achieve and maintain good status of surface and groundwater and prevent its deterioration 
 Strategic objective 3. Reduce water-related risks in the context of climate change (water scarcity and droughts, erosion of banks and cliffs; destructive actions of floods) on population, economic activity, environment and cultural heritage 
 Strategic objective 4. Develop the legislative, organisational and scientific framework for water management",ROU,Romania,2023,"['drought', 'erosion', 'flood']",CCLW
Australian Government Drought Plan,"This plan covers the period from 2024 to 2029. It is focused on farming businesses and communities, who are mostaffected by drought, particularly in the context of climate change. 
 The Australian Government's approach to supporting the agricultural sector to manage drought is built around a3-stage cycle:• Preparing – before drought, prepare for drier times ahead;• Responding – during drought, implement plans and strategies to manage the impacts; and• Recovering – after drought, recover and consider lessons learned. 
 The purpose of this plan is to:• explain the Australian Government's drought policy;• provide greater transparency about government drought decision-making;• specify key drought-related programs that support farming businesses and communities across the drought cycle;• show how governments and stakeholders can work together on drought-related issues;• explain the monitoring, evaluation and learning arrangements for drought policy; and• show how drought policy links to other government policies.",AUS,Australia,2024,['drought'],CCLW
Netherlands Updated Final National Energy and Climate Plan (NECP). 2021-2030,"The National Energy and Climate Plan (NECP) is a ten-year integrated document  mandated by the European Union  to each of its member states in order for the EU to meet its overall greenhouse gases emissions targets. Following feedback from an EU-wide assessment of draft NECP submissions, EU members are required to submit updated final NECPs for the period 2021-2030. The Energy and Climate Plan addresses all five dimensions of the EU Energy Union: decarbonisation, energy efficiency, energy security, internal energy markets and research, innovation and competitiveness. 
 The plan establishes the following objectives: 1) reduction of greenhouse gas emissions with renewable energy and energy saving; 2) combating climate change with a climate-neutral electricity system. The limited availability of renewable sources in the Netherlands is an important point of concern. Since the Netherlands is located along the coast and the wind is relatively strong, and this offers potential for wind energy on land and offshore; 3) a transition to an emission-free mobility system that involves sustainable energy carriers (electricity, biofuels and green hydrogen); 4) homes and other building will be made more energy-efficient in a sustainable transformation of the built-up environment; 5) to promote a robust and sustainable agriculture which adopts a more efficient approach to raw materials and the environment. By 2030 this plan aims for a 60% reduction in net greenhouse gas emissions, as an 'overprogramming' measure to ensure the EU-wide 55% reduction goal is achieved or surpassed nationally.",NLD,Netherlands,2024,"['drought', 'flood', 'temperature_extremes']",CCLW
Sweden Updated Final National Energy and Climate Plan (NECP). 2021-2030,"The National Energy and Climate Plan (NECP) is a ten-year integrated document mandated by the European Union to each of its member states in order for the EU to meet its overall greenhouse gases emissions targets. Following feedback from an EU-wide assessment of draft NECP submissions, EU members are required to submit updated final NECPs for the period 2021-2030. The Energy and Climate Plan addresses all five dimensions of the EU Energy Union: decarbonisation, energy efficiency, energy security, internal energy markets and research, innovation and competitiveness. 
 The plan sets out the following objectives: 1) to reduce GHG emissions in line with medium and long-term targets and to increase the share of renewable energy in gross energy consumption; 2) to ensure energy efficiency with general targets and specific roadmaps for the renovation of the national stock of residential and non-residential buildings, both public and private; 3) to ensure energy security by increasing the diversification of energy sources and supply from third countries; 4) to improve the interconnectivity of the internal energy market; 5) to develop the use of new technologies and new services to make the transition to a sustainable energy system. Key targets for 2030 include 50% greater energy efficiency relative to 2005; a 70% reduction in transport sector emissions relative to 2010; and a 63% reduction in overall emissions outside the EU ETS scheme relative to 1990.",SWE,Sweden,2024,"['flood', 'other']",CCLW
Italy Updated Final National Energy and Climate Plan (NECP). 2021-2030,"The National Energy and Climate Plan (NECP) is a ten-year integrated document  mandated by the European Union  to each of its member states in order for the EU to meet its overall greenhouse gases emissions targets. Following feedback from an EU-wide assessment of draft NECP submissions, EU members are required to submit updated final NECPs for the period 2021-2030. The Energy and Climate Plan addresses all five dimensions of the EU Energy Union: decarbonisation, energy efficiency, energy security, internal energy markets and research, innovation and competitiveness. 
 The plan establishes key objectives: 1) to accelerate the transition from traditional fuels to renewable sources by promoting the gradual phasing out of coal for electricity generation in favour of an electricity mix based on a growing share of renewables; 2) to implement policies and measures in order to reduce greenhouse gases (phase out of coal, higher CO2 price, acceleration of renewables and energy efficiency in manufacturing); 3) to use a mix of fiscal, economic, regulatory and policy instruments to enhance energy efficiency; 4) to reduce dependence on imports by increasing renewable sources and energy efficiency and to diversify sources of supply through the use of natural gas, including liquefied natural gas (LNG); 5) to ensure a greater degree of market integration and the development of processes, products and knowledge for the use of renewables, energy efficiency and network technology. In the updated final plan, some general targets have been slightly reduced (i.e. the non-ETS emissions reduction target decreased from 30% to a 29.3% reduction) due to the COVID-19 pandemic and energy supply shocks.",ITA,Italy,2024,"['other', 'temperature_extremes']",CCLW
"Law no. 5116 of 2024. Private Natural disaster insurance, government aid and protection, housing assistance, Fire Department provisions and other provisions","The primary goal of Law No. 5116 of 2024 is to develop and expand private insurance against natural disasters, strengthen the framework for state aid to businesses and agricultural holdings, and improve services related to the relief of those affected by natural disasters. It addresses the impacts of natural disasters, which are increasingly influenced by climate change. The law aims to enhance resilience and provide financial protection against such events through private insurance and state aid mechanisms.",GRC,Greece,2024,"['flood', 'other', 'wildfire']",CCLW
National Strategy for Disaster Risk Reduction 2024-2035,"The aim of the National Strategy for Disaster Risk Reduction (SNRRD) is to provide a comprehensive framework to mobilise the various public and private actors involved to stimulate and accelerate efforts to increase Romania's disaster resilience. 
 The priority areas are: Understanding disaster risk; strengthening risk governance for disaster risk reduction and management; investing in disaster risk reduction to increase resilience; improving disaster preparedness for effective response; and implementing of the Build Back Better (BBB) ​​concept in rehabilitation and reconstruction.",ROU,Romania,2024,"['drought', 'flood', 'other', 'temperature_extremes', 'wildfire']",CCLW
National Delta Programme,"The Delta Programme 2025 (DP2025) reports on progress and changes in the Delta Programme and the measures for the years ahead.  It protects the Netherlands against high water and flooding, ensures sufficient fresh water, and contributes to climate-resilient and water-robust planning for the Netherlands.",NLD,Netherlands,2024,['flood'],CCLW
Luxembourg Updated Final National Energy and Climate Plan (NECP). 2021-2030,"The National Energy and Climate Plan (NECP) is a ten-year integrated document  mandated by the European Union  to each of its member states in order for the EU to meet its overall greenhouse gases emissions targets. Following feedback from an EU-wide assessment of draft NECP submissions, EU members are required to submit updated final NECPs for the period 2021-2030. The Energy and Climate Plan addresses all five dimensions of the EU Energy Union: decarbonisation, energy efficiency, energy security, internal energy markets and research, innovation and competitiveness. 
 The plan establishes the following central objectives: 1) Decarbonisation: reduction of GHG emissions, increase the share of renewable energy in the gross final energy consumption (by cooperating with other EU Member States; 2) Energy efficiency: new fossil-free single-purpose and residential buildings, developing renewable heating networks, preventing traffic through massive expansion of public transport and electromobility; 3) Energy security: reduce dependence on electricity imports by expanding renewable energy, intensify regional cooperation in the field of security of electricity and gas supply; 4) Internal energy market: no further development of national gas infrastructure, combining the sectors of electricity, heat and transport by means of sector coupling; 5) Research, innovation and competitiveness:  implementation of a nationwide energy transition 'zero carbon', promote resilient urban and spatial development in conjunction with urban/spatial planning, Luxembourg to become an attractive location for climate solutions providers and start-ups. Other measures include a carbon tax increase. Compared to the 2020 NECP, the renewable energy share (at gross final energy consumption) target for 2030 has been increased from 25% to 37%.",LUX,Luxembourg,2024,['other'],CCLW
Finland Updated Final National Energy and Climate Plan (NECP). 2021-2030,"The National Energy and Climate Plan (NECP) is a ten-year integrated document  mandated by the European Union  to each of its member states in order for the EU to meet its overall greenhouse gases emissions targets. Following feedback from an EU-wide assessment of draft NECP submissions, EU members are required to submit updated final NECPs for the period 2021-2030. The Energy and Climate Plan addresses all five dimensions of the EU Energy Union: decarbonisation, energy efficiency, energy security, internal energy markets and research, innovation and competitiveness. 
 The plain aims : 1) to reduce GHG emissions in the non-emissions trading sector; 2) to increase the share of renewable energy in the final energy use of road transport; 3) to promote energy efficiency. The plan outlines the impact of existing policy measures on the projected evolution of greenhouse gas emissions, renewable energy and energy efficiency up to 2040. It describes the effects of the planned policy measures on the energy system, greenhouse gas emissions and sinks, economic development, the environment and public health. Specific targets include a 62% renewable share of gross final energy consumption by 2030.",FIN,Finland,2024,['other'],CCLW
France Updated Final National Energy and Climate Plan (NECP). 2021-2030,"The National Energy and Climate Plan (NECP) is a ten-year integrated document  mandated by the European Union  to each of its member states in order for the EU to meet its overall greenhouse gases emissions targets. Following feedback from an EU-wide assessment of draft NECP submissions, EU members are required to submit updated final NECPs for the period 2021-2030.  The Energy and Climate Plan addresses all five dimensions of the EU Energy Union: decarbonisation, energy efficiency, energy security, internal energy markets and research, innovation and competitiveness. 
 The plan is based on two national energy and climate programming and governance documents. Firstly, the  multi-year energy program , which sets the priorities for actions of the public authorities in the field of energy for the next 10 years, divided into two 5-year periods. It deals with all energies and all the pillars of energy policy: control of energy demand, promotion of renewable energies, guarantee of security of supply, control of energy costs, balanced development of networks, etc. Secondly, the  national low-carbon strategy , which is France's roadmap for leading the climate change mitigation policy. It provides guidelines for implementing the transition to a low-carbon economy in all sectors of activity. It defines objectives for reducing greenhouse gas emissions at the scale of France in the short and medium term - carbon budgets - and aims to achieve carbon neutrality by 2050. other Quantified goals include a 50% reduction in non-LULUCF GHG emissions by 2030, relative to 1990.",FRA,France,2024,['other'],CCLW
Latvia Updated Final National Energy and Climate Plan (NECP). 2021-2030,"The National Energy and Climate Plan (NECP) is a ten-year integrated document  mandated by the European Union  to each of its member states in order for the EU to meet its overall greenhouse gases emissions targets. Following feedback from an EU-wide assessment of draft NECP submissions, EU members are required to submit updated final NECPs for the period 2021-2030. The Energy and Climate Plan addresses all five dimensions of the EU Energy Union: decarbonisation, energy efficiency, energy security, internal energy markets and research, innovation and competitiveness. 
 The plan sets targets including on greenhouse emissions reduction, share of RES in energy consumption in transport, RES deployment such as wind power, share of advanced biofuels and biogas in energy consumption in transport and interconnection. The 'polluter pays' principle is a guiding framework for the measures and justifications of this plan. The updated submission introduces more ambitious emissions reduction targets and new EU funding instruments for deployment of the measures in the previous version. The plan introduces a target of  65% reduction in total greenhouse gas emissions by 2030, including ETS.",LVA,Latvia,2024,"['flood', 'temperature_extremes', 'wildfire']",CCLW
Germany Updated Final National Energy and Climate Plan (NECP). 2021-2030,"The National Energy and Climate Plan (NECP) is a ten-year integrated document  mandated by the European Union  to each of its member states in order for the EU to meet its overall greenhouse gases emissions targets. Following feedback from an EU-wide assessment of draft NECP submissions, EU members are required to submit updated final NECPs for the period 2021-2030. . The Energy and Climate Plan addresses all five dimensions of the EU Energy Union: decarbonisation, energy efficiency, energy security, internal energy markets and research, innovation and competitiveness. 
 The plan provides an overview of the country's energy and climate policy as well as the current status of plans in these areas. Several measures and strategies are implemented to address the five dimensions of the EU Energy Union: 1) Decarbonisation: implementation of the Climate Action Plan 2050 and the Climate Action Programme 2030, better regionalisation of growth of renewable energies, increase the consumption of self-generated electricity, subsidies for electrically powered vehicles (environmental bonus), etc.; 2) Energy efficiency: energy efficiency strategy for buildings, tax incentives for energy-related building renovations, carbon pricing in the heating and transport sectors, etc.; 3) Energy security: Act on the Security of the Electricity and Gas Supply, national preventive action and emergency plans for natural gas, etc; 4) Internal energy market: promote interconnectivity (regional cooperation), etc.; 5) Research, innovation, competitiveness: greater involvement of start-ups, increased technology transfer. Quantified targets in the plan include at least a 65% reduction in net greenhouse gas emissions by 2030, from a 1990 baseline, and a 42.5% renewabe energy share of gross final consumption by 2030. Final energy consumption is to be reduced using energy efficiency measures by at least 26.5% by 2030, from a 2008 baseline.",DEU,Germany,2024,['other'],CCLW
National Biodiversity Strategy and Action Plan to 2030,"The climate-related provisions in this Strategy and Action Plan are: - 
 Action 2.2: By 2027, climate-proof action plans will be established, with tailored measures required to maintain or improve the conservation status of the habitats and species 
 Action 2.6: A comprehensive national policy framework is developed to protect and enhance soil and its biodiversity, and to improve monitoring, thus contributing to biodiversity conservation and climate change adaptation and mitigation. 
 Target 3: By 2030, degraded ecosystems, in particular those with potential for climate change adaptation and mitigation, will be under restoration or rehabilitation to ensure their integrity, structure, function, and connectivity. 
 Action 3.3: A comprehensive national policy framework on forestation in line with the EU Forest Strategy, including the National Trees and Woodland Strategy and Action Plan and related guidelines, are set up and implemented to achieve ecologically-sensitive forestation, habitat connectivity, climate change mitigation and adaptation, conservation of genetic resources, ecosystem restoration and the implementation of an integrated approach on fire management, control and prevention.",MLT,Malta,2024,['wildfire'],CCLW
National Biodiversity Strategy and Action Plan to 2030,"The National Biodiversity Strategy and Action Plan (NBSAP) to 2030 is Malta's framework for biodiversity conservation, aligning with global agreements like the UN Convention on Biological Diversity (CBD) and the EU Biodiversity Strategy. It emphasises mainstreaming biodiversity across sectors, addressing pressures such as development, invasive species, and climate change—a key driver of biodiversity loss. The plan integrates with climate-related initiatives, including the UNFCCC, the European Green Deal, and national climate strategies, recognising the interdependence of biodiversity and climate crises. It promotes nature-based solutions (e.g., blue-green infrastructure) for climate adaptation, mitigation, and ecosystem restoration, while fostering synergies with sustainable development, waste, and air quality policies. 
 Specific climate-linked actions include soil biodiversity protection (Action 2.6) to support climate resilience, ecosystem restoration (Target 3) for carbon sequestration, and nature-based solutions (Target 7) to mitigate urban climate risks. The NBSAP adopts principles like the ""polluter pays"" and ""precautionary"" approaches, ensuring climate considerations are embedded in decision-making. By addressing direct and indirect biodiversity drivers, Malta aims to reverse ecosystem decline while contributing to global climate goals, underscoring the critical role of biodiversity in achieving climate resilience and sustainability.",MLT,Malta,2024,['other'],CCLW
Ireland Updated Final National Energy and Climate Plan (NECP). 2021-2030,"The National Energy and Climate Plan (NECP) is a ten-year integrated document  mandated by the European Union  to each of its member states in order for the EU to meet its overall greenhouse gases emissions targets. Following feedback from an EU-wide assessment of draft NECP submissions, EU members are required to submit updated final NECPs for the period 2021-2030. The Energy and Climate Plan addresses all five dimensions of the EU Energy Union: decarbonisation, energy efficiency, energy security, internal energy markets and research, innovation and competitiveness. 
 The plan establishes key measures to address the five dimensions of the EU Energy Union: 1) Decarbonisation : to reduce emissions from sectors outside the EU's Emissions Trading System, enhance carbon pricing to create behavioural change and avoid locking in carbon intensive technologies, eliminate non-recyclable plastic and impose higher fees on the production of materials which are difficult to recycle, promote the increased use of domestic harvested wood in longer lived product, mainstream biodiversity across the decision making process in the State, increase electricity generated from renewable sources to 80%, etc; 2) Energy efficiency: to set stricter requirements for new buildings and substantial refurbishment, installing 680,000 heatpumps over the period 2021-2030, and scaling/improving the Sustainable Energy Communities and Better Energy Communities 3) Energy security: to support efforts to increase indigenous renewable sources in the energy mix, including wind, solar and bioenergy, etc; 4) Internal energy market: continue to deepen the integration of IRL's wholesale electricity market and its regulation with the EU internal energy market (IEM), etc; 5) Research, innovation and competitiveness: to increase investment in knowledge-based capital, to strengthen delivery of public funding for basic and applied research to meet Ireland's decarbonisation objectives, etc.",IRL,Ireland,2024,"['flood', 'other']",CCLW
Spain Updated Final National Energy and Climate Plan (NECP). 2021-2030,"The National Energy and Climate Plan (NECP) is a ten-year integrated document mandated by the European Union to each of its member states in order for the EU to meet its overall greenhouse gases emissions targets. Following feedback from an EU-wide assessment of draft NECP submissions, EU members are required to submit updated final NECPs for the period 2021-2030. The Energy and Climate Plan addresses all five dimensions of the EU Energy Union: decarbonisation, energy efficiency, energy security, internal energy markets and research, innovation and competitiveness. 
 The plan sets out the following objectives: 1) to become a carbon-neutral country by 2050 by decreasing the gross total GHG emissions in the electricity, transport, industry sectors ; 2) to promote energy efficiency thanks to the penetration of renewable energy in final energy consumption, efficiency measures to the transport, industry and building sectors, energy saving targets; 3) to ensure energy security by the diversification of the national energy mix, the use of domestic sources and an increase in the flexibility of the national energy system; 4) interconnectivity, energy transmission infrastructure, integration of the internal energy market; 5) to strengthen technology transfers, promote public-private partnership and improve business research and innovation. The updated NECP has an enhanced focus on strategic energy independence, with more ambitious targets to reduce external energy dependency from 73% in 2019 to 50% in 2030. Other key aims include a 55% reduction in greenhouse gas emissions in 2030 relative to 2005, and a 81% renewable share of energy production.",ESP,Spain,2024,"['drought', 'erosion', 'flood', 'other']",CCLW
Lithuania Updated Final National Energy and Climate Plan (NECP). 2021-2030,"The National Energy and Climate Plan (NECP) is a ten-year integrated document  mandated by the European Union  to each of its member states in order for the EU to meet its overall greenhouse gases emissions targets. Following feedback from an EU-wide assessment of draft NECP submissions, EU members are required to submit updated final NECPs for the period 2021-2030. The Energy and Climate Plan addresses all five dimensions of the EU Energy Union: decarbonisation, energy efficiency, energy security, internal energy markets and research, innovation and competitiveness. 
 The objectives and targets set out in the plan are: 1) to ensure the quality and sustainability of the use of natural resources, 2) to mitigate Lithuania's impact on climate change and increase its climate resilience; 3) to improve the competitiveness of the energy sector; 4) to integrate the Lithuanian natural gas market into the single EU gas market; 5) to connect the Lithuanian power system with the continental European power system for synchronous operation; 6) to ensure the adequacy of the Lithuanian electricity market and power system and increase the share of local electricity generation, 7) to increase the consumption of renewable and alternative fuels in the transport sector and promote sustainable intermodal mobility, 8) to increase the share of renewable energy sources in domestic energy production and gross final energy consumption (aiming to reach 55% by 2030), 8) to improve the energy efficiency and use of energy from renewable sources in residential, public and other buildings.",LTU,Lithuania,2024,"['drought', 'erosion', 'flood', 'other']",CCLW
Romania Updated Final National Energy and Climate Plan (NECP). 2021-2030,"The National Energy and Climate Plan (NECP) is a ten-year integrated document  mandated by the European Union  to each of its member states in order for the EU to meet its overall greenhouse gases emissions targets. Following feedback from an EU-wide assessment of draft NECP submissions, EU members are required to submit updated final NECPs for the period 2021-2030. The Energy and Climate Plan addresses all five dimensions of the EU Energy Union: decarbonisation, energy efficiency, energy security, internal energy markets and research, innovation and competitiveness. 
 The plan establishes the following objectives and measures: 1) Decarbonisation: promoting investments in new low-carbon power generation capacities, using the revenues from the EU ETS Mechanisms and the Structural Funds pertaining to the new Multiannual Financial Framework, implementing the best available technologies (BAT) to reduce GHG emissions and to increase energy efficiency in the industrial sector, fostering the use of rail transport for transport of passenger, promoting the use of renewable energy in transport (electromobility in road transport and the use of biofuels); 2) Energy efficiency: increasing energy efficiency in the industrial and residential sectors, developing alternative mobility; 3) Energy security: encouraging the development of energy storage capacities; 4) Internal energy market: liberalisation of energy markets, regional integration of the internal energy market; 5) Research, innovation and competitiveness: adopting advanced technologies in the energy sector. Key quantified goals include an 85% reduction (including LULUCF) in net greenhouse gas emissions by 2030, relative to 1990, and a 38.3% renewable share of gross final energy consumption by 2030.",ROU,Romania,2024,"['drought', 'erosion', 'flood', 'other', 'sea_level_rise']",CCLW
Geological Survey of Sweden - action plan for climate adaptation 2025-2027,"This action plan for climate adaptation applies to 2025–2027, but looks forward to 2030. The action plan is based on the Swedish Geotechnical Institute's (SGI's) mission to reduce the risks of landslides, rock falls and coastal erosion and to contribute to sustainable development in a changing climate. The action goals to achieve this visionary authority goal, which encompasses SGI's entire area of ​​operation, are: 
 • SGI will develop and disseminate knowledge about climate-driven geotechnical risks within four of the national risk areas, 
 • SGI will develop and disseminated methods for nature-based solutions to reduce coastal erosion and stabilise slopes, 
 • SGI will implement advice and recommendations on climate adaptation to support sustainable municipal planning, and 
 • Physical climate adaptation measures for landslides, avalanches and coastal erosion will be implemented and followed up on. 
 A changing climate can contribute to an increased spread of PFAS and other pollutants that are already present in the landscape and those that will be added in the future. We see that we have an important role in guiding municipalities in how they can assess and manage these risks. Since SGI is primarily a knowledge-producing authority, continued dialogue and cooperation within the civil engineering sector is essential to achieving our authority goal.",SWE,Sweden,2024,"['other', 'sea_level_rise']",CCLW
Portugal Updated Final National Energy and Climate Plan (NECP). 2021-2030,"The National Energy and Climate Plan (NECP) is a ten-year integrated document mandated by the European Union to each of its member states in order for the EU to meet its overall greenhouse gases emissions targets. Following feedback from an EU-wide assessment of draft NECP submissions, EU members are required to submit updated final NECPs for the period 2021-2030. The Energy and Climate Plan addresses all five dimensions of the EU Energy Union: decarbonisation, energy efficiency, energy security, internal energy markets and research, innovation and competitiveness. 
 The plan establishes the following objectives: 1) to limit the GHG emissions, to build a strategy based on renewable sources of energy on the path to a carbon neutral economy (electrification of the economy and consumption, promote electric vehicles,introduce of renewable gases); 2) Rehabilitating and making buildings more efficient, to promote active and shared mobility, reinforce public transport and electric mobility; 3) to diversificate energy sources by the development of endogenous renewable energy resources; 4) to promote interconnectivity in energy markets and systems; 5) to invest in public and private research, innovation and competitiveness. This plan increases Portugal's non-ETS net GHG emissions reduction target for 2030 (relative to 2005) from a 17% reduction to 28.7%.",PRT,Portugal,2024,"['drought', 'erosion', 'flood', 'wildfire']",CCLW
Austria Updated Final National Energy and Climate Plan (NECP). 2021-2030,"The National Energy and Climate Plan (NECP) is a ten-year integrated document mandated by the European Union to each of its member states in order for the EU to meet its overall greenhouse gases emissions targets. Following feedback from an EU-wide assessment of draft NECP submissions, EU members are required to submit updated final NECPs for the period 2021-2030. 
 Austria's plan aims in particular to improve the development of transport, a sector which still needs improvement in Austria, especially in built-up areas and along transit routes. With some emphasis on the transport sector, the general decarbonisation objectives of the plan are as follows: 1) the general reduction of GHG emissions (non-ETS) by 48% compared to 2005, 2) to strengthen and develop public transport, 3) mobility management for businesses, towns and cities, municipalities, regions and tourism, 4) e-mobility in private transport, 5) to green the standard fuel consumption tax and the engine-related insurance tax, 6) to introduce a tax deduction for electric bicycles and motorcycles. Decarbonisation measures are also targeted to buildings, agriculture, forestry, waste management, fluorinated gases and spatial planning. For energy, the main objective is to increase the share of renewable energy in gross final energy consumption of energy to at least 57%, and source 100% of electricity consumption from renewables (nationally/balanced).To achieve this goal, the main instrument remains taxation (tax advantages/exemptions). The plan also aims to ensure measures concerning : 1) energy efficiency, 2)  internal energy markets, 3) research/innovation/competitiveness, 4) evaluation and monitoring.",AUT,Austria,2024,['other'],CCLW
Cyprus Updated Final National Energy and Climate Plan (NECP). 2021-2030,"The National Energy and Climate Plan (NECP) is a ten-year integrated document  mandated by the European Union  to each of its member states in order for the EU to meet its overall greenhouse gases emissions targets. Following feedback from an EU-wide assessment of draft NECP submissions, EU members are required to submit updated final NECPs for the period 2021-2030. 
 The plan establishes 'key policy planning priorities' with specific measures: 1) GHG emissions and removals: promotion of natural gas and RES, reduction of emissions in the transport, agricultural and waste sector, increasing carbon sinks and improving energy efficiency in building and infrastructure; 2) Renewable energy sources : promotion of synergies with other sectors (Energy Efficiency, Waste, Security of supply) to promotion RES in all energy sectors, support schemes for RES to participate in the Electricity Market, etc; 3) Energy efficiency: energy efficiency obligation scheme for energy distributors, implementation of information and education measures, etc; 4) Security of supply: increasing the flexibility of the national energy system; 5) Internal Energy market: promotion of electricity interconnectivity of Cyprus via the project of common interest EuroAsia Interconnector, etc. Specific targets include a 32% reduction in greenhouse gas emissions by 2030, from a 2005 baseline, and a renewables share by 2030 of at least 29% in the primary energy consumption of the transport sector.",CYP,Cyprus,2024,"['drought', 'erosion', 'other']",CCLW
Czechia Updated Final National Energy and Climate Plan (NECP). 2021-2030,"The National Energy and Climate Plan (NECP) is a ten-year integrated document mandated by the European Union to each of its member states in order for the EU to meet its overall greenhouse gases emissions targets. Following feedback from an EU-wide assessment of draft NECP submissions, EU members are required to submit updated final NECPs for the period 2021-2030. 
 The plan details the Czechia's contribution to the European climate and energy targets concerning greenhouse gas emissions reduction, increasing the renewable energy share and enhanced energy efficiency. There are three energy efficiency-related targets for the period 2021–2030: 1) an indicative target for the size of primary energy sources, final consumption and energy intensity; 2) a binding energy savings target for public sector building, 3) a binding year-on-year rate of final consumption savings. Other specific targets include a 26% reduction in total greenhouse emissions by 2030, from a 2005 baseline, and a 30% share of renewable energy in gross final consumption by 2030.",CZE,Czechia,2024,"['drought', 'erosion', 'flood', 'other', 'storm']",CCLW
Environmental Regulations RE2020,"The RE 2020 is the new energy and environmental regulations for all new construction. It introduces environmental performance in new construction via life cycle analysis. 
 The RE2020 applies in several stages: 
 
 initially, it concerns: individual houses and collective housing; 
 secondly, it concerns: primary and secondary education offices and buildings; 
 in a third step, it concerns specific tertiary buildings: hotels, shops, gymnasiums. 
 
 RE is broken down broadly into three areas: energy; comfort and carbon. 'Energy' relates mainly to the energy consumption required while the building is in operation, which is now based on CO2 emissions rather than kilowatt hours. This is referred to as 'energy carbon impact' in RE2020. 'Comfort' refers to the amount of discomfort permitted in hot weather. The regulations limit the maximum indoor temperature a building can reach during five consecutive hot summer days. 'Carbon' measurements are the climate-change impact of the construction itself, including the building materials and the construction process. This is known as the construction carbon impact, which will reduce significantly over the years, by 2025, 2028 and 2031.",FRA,France,2024,['temperature_extremes'],CCLW
Slovenia Updated Final National Energy and Climate Plan (NECP). 2021-2030,"The National Energy and Climate Plan (NECP) is a ten-year integrated document  mandated by the European Union  to each of its member states in order for the EU to meet its overall greenhouse gases emissions targets. Following feedback from an EU-wide assessment of draft NECP submissions, EU members are required to submit updated final NECPs for the period 2021-2030. The Energy and Climate Plan addresses all five dimensions of the EU Energy Union: decarbonisation, energy efficiency, energy security, internal energy markets and research, innovation and competitiveness. 
 The plan establishes the following key objectives : 1) to reduce GHG emissions in transport, agriculture, general consumption, waste management, indutry, energy sectors, to reduce the use of fossil energy sources (phasing out consumption of coal as well as support for the implementation of pilot projects for the production of synthetic methane and hydrogen), to increase the share of renewables in energy end-use; 2) to improve energy and material efficiency in all sectors; 3) to provide additional financial, human and technical resources to expedite the integrated development of the electricity distribution network to reinforce resistance to disruption and boost connectivity; 4) to invest in human resources and new knowledge, to support businesses for a competitive transition to a climate-neutral and circular economy, and to promote new RD programmes. Key quantified targets for 2030 include a 35-45% reduction in total greenhouse gas emissions compared to 2005 (the exact value depends on an unfinalised timeline of nuclear power decommissioning), and a renewable share of energy production of at least 55%. Coal will be fully phased out by 2033.",SVN,Slovenia,2025,"['drought', 'flood', 'storm']",CCLW
Greece Updated Final National Energy and Climate Plan (NECP). 2021-2030,"The National Energy and Climate Plan (NECP) is a ten-year integrated document  mandated by the European Union  to each of its member states in order for the EU to meet its overall greenhouse gases emissions targets. Following feedback from an EU-wide assessment of draft NECP submissions, EU members are required to submit updated final NECPs for the period 2021-2030. 
 The specific objectives of the plan include: Implementing climate adaptation measures at national, regional, and local levels, focusing on sustainable land use and promoting sustainable urban mobility; Introducing waste management strategies that align with the principles of the circular economy and adhere to public procurement requirements; and increasing the share of renewable energy sources in gross final energy consumption and improving energy efficiency measures. This includes enhancing the use of biofuels and completely phasing out lignite for power generation in Greece by 2028 to address environmental protection concerns. The plan aims to achieve at least a 42.5% renewables share of gross final energy consumption by 2030, some some more ambitious sectoral sub-targets. 
 The National Plan outlines specific priorities and corresponding measures across various core sectors to achieve these objectives. These include: utilising resources within the emissions trading system; preserving biodiversity; ensuring the efficient use of water resources; maintaining and enhancing forest services and management; developing aquaculture and water management plans; implementing flood risk management strategies and managing coastal zones; preventing and responding to forest fires; and promoting sustainable food production and farm management, optimising agricultural land use",GRC,Greece,2025,"['other', 'temperature_extremes']",CCLW
Malta Updated Final National Energy and Climate Plan (NECP). 2021-2030,"The National Energy and Climate Plan (NECP) is a ten-year integrated document  mandated by the European Union  to each of its member states in order for the EU to meet its overall greenhouse gases emissions targets. Following feedback from an EU-wide assessment of draft NECP submissions, EU members are required to submit updated final NECPs for the period 2021-2030. The Energy and Climate Plan addresses all five dimensions of the EU Energy Union: decarbonisation, energy efficiency, energy security, internal energy markets and research, innovation and competitiveness. 
 Malta's strategy under the Decarbonisation dimension is to ensure a transition to a low-carbon economy by a reduction of GHG emissions and an increase in renewable energy sources.  In terms of Energy Security, Malta will follow its commitment to achieve a greater security of supply through the diversification of energy sources and suppliers. To ensure Malta's energy integration, the plan establishes policies and measures to increase the flexibility of the energy system. Malta will boost research, innovation and competitiveness, exploring enhanced biofuel usage and deploying an offshore renewable energy farms. The plan aims for a 25% renewable energy share by 2030.",MLT,Malta,2025,"['drought', 'flood']",CCLW
Bulgaria Updated Final National Energy and Climate Plan (NECP). 2021-2030,"The National Energy and Climate Plan (NECP) is a ten-year integrated document mandated by the European Union to each of its member states in order for the EU to meet its overall greenhouse gases emissions targets. Following feedback from an EU-wide assessment of draft NECP submissions, EU members are required to submit updated final NECPs for the period 2021-2030. 
 The measures of the plan aim: 1) to strengthen policy response and ensure that climate change adaptation is included in the legal framework; 2) to build adaptation capacity and develop financial, social and political guidelines on risk management; 3) to improve knowledge management, research, education and communication with stakeholders. In the context of decarbonisation. The plan aims to increase the use of renewable sources in key sectors such as electric power, transport and heating/cooling. The NECP set several measures to ensure energy efficiency and security : 1) the diversification of the supply of energy resources; 2) increasing the flexibility of the national energy system; 3) addressing constrained or disrupted supply of energy sources for the purpose of enhancing the resilience of regional and national energy systems; 4) improving interconnectivity and information security (cybersecurity). Quantified targets include a 34.96% renewable share of gross final energy consumption by 2030, and an overall 10% decrease in non-ETS greenhouse gas emissions by 2030 relative to 2005.",BGR,Bulgaria,2025,"['flood', 'other']",CCLW
Croatia Updated Final National Energy and Climate Plan (NECP). 2021-2030,"The National Energy and Climate (ENCP) Plan is a ten-year integrated document mandated by the European Union to each of its member states in order for the EU to meet its overall greenhouse gases emissions targets. Following feedback from an EU-wide assessment of draft National Energy and Climate Plan (NECP) submissions, EU members are required to submit updated final NECPs for the period 2021-2030. 
 The key objectives outlined in the plan are: 1) overall reduction of greenhouse gas emissions; and 2) increasing the share of renewable energy sources in the gross final energy consumption and energy efficiency, expressed as consumption of primary energy and direct consumption of energy. Different measures concerning decarbonisation, energy efficiency and security are implemented in the electricity, agriculture, building construction, heating, cooling and transport sectors. The plan aims for a 62% reduction in ETS emissions by 2030 relative to 2005, and a 42.5% renewable share of gross final energy consumption by 2030.",HRV,Croatia,2025,"['other', 'temperature_extremes']",CCLW
Slovakia Updated Final National Energy and Climate Plan (NECP). 2021-2030,"The National Energy and Climate Plan (NECP) is a ten-year integrated document mandated by the European Union to each of its member states in order for the EU to meet its overall greenhouse gases emissions targets. Following feedback from an EU-wide assessment of draft NECP submissions, EU members are required to submit updated final NECPs for the period 2021-2030. The Energy and Climate Plan addresses all five dimensions of the EU Energy Union: decarbonisation, energy efficiency, energy security, internal energy markets and research, innovation and competitiveness. 
 The plan establishes the following goals: 1) to build a competitive, low-carbon economy by the optimal use of renewable energy sources, nuclear energy, decarbonised gases and new technologies; 2) to promote energy efficiency, using low-energy manufacturing processes and enhanced thermal efficiency in buildings; 3) to support an efficient energy architecture which creates the conditions for energy security by strengthening domestic sources; 4) the deployment of smart energy systems and electricity storage systems to ensure an integrated energy market; 5) to implement RD programmes such as domestic geothermal exploration and enhanced energy storage technology. Key targets for 2030 include a 64.3% reduction in greenhouse gas emissions relative to 2005, excluding the LULUCF sector, and a 25% renewable share in domestic energy production.",SVK,Slovakia,2025,"['drought', 'flood', 'wildfire']",CCLW
Estonia Updated Final National Energy and Climate Plan (NECP). 2021-2030,"The National Energy and Climate Plan (NECP) is a ten-year integrated document  mandated by the European Union  to each of its member states in order for the EU to meet its overall greenhouse gases emissions targets. Following feedback from an EU-wide assessment of draft NECP submissions, EU members are required to submit updated final NECPs for the period 2021-2030. 
 Estonia's long-term objective is to transition to a low-carbon economy, which means gradually reforming the economy and energy system to be resource-efficient, productive and environmentally-friendly in line with the objectives. The use of fossil fuels will be reduced and CO2 emissions will decrease due to energy savings in transport, agriculture, waste management and industrial processes and small-scale power production where energy is produced by facilities with a rated output of less than 20 MWh. To maintain final energy consumption in the period 2021-2030 requires annual energy savings equivalent to 0.8% of the average final energy consumption in the period 2016-2018. Consumption of primary energy is forecast to drop by a quarter in the period 2017-2030. The share of renewables will be increased by changing fossil fuel boilers to renewable fuels, increasing electricity generation from fuel free sources and increased use of biofuels in transport. In the electricity and heating sector, the plan aims at increasing renewable sources.",EST,Estonia,2025,"['flood', 'sea_level_rise', 'storm']",CCLW
National Plan for Disaster Risk Reduction 2025-2029 (PNRRD),"The National Disaster Risk Reduction Plan (PNRRD) 2025-2029 guides public policies on comprehensive risk management. It outlines the goals and objectives of programs, as well as actions aimed at reducing existing risks in order to protect people and their property. Its formulation involves the identification, analysis, and management of the causal factors of emergencies and disasters, with the objective of reducing exposure to hazards, decreasing the vulnerability of the population, and improving preparedness for adverse events. It establishes the multi-year strategic guidelines and goals that govern the National System for Comprehensive Risk Management and Civil Protection (SINAGIR), created by Law No. 27,287. 
 The priorities of the PNRRD 2025-2029 are: 
 
 Understanding disaster risk. 
 Strengthen governance of disaster risk management. 
 Increase disaster preparedness in order to provide an effective response. 
 Recovery, rehabilitation and resilient reconstruction.",ARG,Argentina,2026,"['drought', 'other', 'storm', 'wildfire']",CCLW
